{
    "motiv_60": {
        "image": "images/items/item000.jpg",
        "name": "",
        "req": [],
        "use": "once",
        "gold": 30,
        "desc": "",
        "table": "matrial_main",
        "db_tab": "matrial_main",
        "long_desc": ""
    },
    "motiv_7": {
        "image": "images/items/item001.jpg",
        "name": "",
        "req": [],
        "use": "once",
        "gold": 50,
        "desc": "",
        "table": "matrial_main",
        "db_tab": "matrial_main",
        "long_desc": ""
    },
    "prot_pop": {
        "image": "images/items/item002.jpg",
        "name": "",
        "req": [],
        "use": "once",
        "gold": 50,
        "desc": "",
        "table": "matrial_main",
        "db_tab": "matrial_main",
        "long_desc": ""
    },
    "peace": {
        "image": "images/items/item006.jpg",
        "name": "",
        "req": [],
        "use": "once",
        "gold": 30,
        "desc": "",
        "table": "matrial_main",
        "db_tab": "matrial_main",
        "long_desc": ""
    },
    "a_play": {
        "image": "images/items/item004.jpg",
        "name": "",
        "req": [],
        "use": "once",
        "gold": 100,
        "desc": "",
        "table": "matrial_main",
        "db_tab": "matrial_main",
        "long_desc": ""
    },
    "flag": {
        "image": "images/items/item025.jpg",
        "name": "",
        "req": [],
        "use": "none",
        "gold": 20,
        "desc": "",
        "table": "matrial_main",
        "db_tab": "matrial_main",
        "long_desc": ""
    },
    "help_house_chng": {
        "image": "images/items/item095.jpg",
        "name": "",
        "req": [],
        "use": "none",
        "gold": 300,
        "desc": "",
        "table": "matrial_main",
        "db_tab": "matrial_main",
        "long_desc": ""
    },
    "family_slogan": {
        "image": "images/items/item097.jpg",
        "name": "",
        "req": [],
        "use": "none",
        "gold": 50,
        "desc": "",
        "table": "matrial_main",
        "db_tab": "matrial_main",
        "long_desc": ""
    },
    "union_slogan": {
        "image": "images/items/item024.jpg",
        "name": "",
        "req": [],
        "use": "none",
        "gold": 500,
        "desc": "",
        "table": "matrial_main",
        "db_tab": "matrial_main",
        "long_desc": ""
    },
    "union_declar": {
        "image": "images/items/item154.jpg",
        "name": "",
        "req": [],
        "use": "none",
        "gold": 2000,
        "desc": "",
        "table": "matrial_main",
        "db_tab": "matrial_main",
        "long_desc": ""
    },
    "union_era": {
        "image": "images/items/item155.jpg",
        "name": "",
        "req": [],
        "use": "none",
        "gold": 5000,
        "desc": "",
        "table": "matrial_main",
        "db_tab": "matrial_main",
        "long_desc": ""
    },
    "expan_plan": {
        "image": "images/items/item003.jpg",
        "name": "",
        "req": [],
        "use": "none",
        "gold": 30,
        "desc": "",
        "table": "matrial_main",
        "db_tab": "matrial_main",
        "long_desc": ""
    },
    "marcus_scheme": {
        "image": "images/items/item005.jpg",
        "name": "",
        "req": [],
        "use": "none",
        "gold": 50,
        "desc": "",
        "table": "matrial_main",
        "db_tab": "matrial_main",
        "long_desc": ""
    },
    "freedom_help": {
        "image": "images/items/item149.jpg",
        "name": "",
        "req": [],
        "use": "none",
        "gold": 50,
        "desc": "",
        "table": "matrial_main",
        "db_tab": "matrial_main",
        "long_desc": ""
    },
    "medical_moun": {
        "image": "images/items/item009.jpg",
        "name": "",
        "req": [],
        "use": "once",
        "gold": 100,
        "desc": "",
        "table": "matrial_main",
        "db_tab": "matrial_main",
        "long_desc": ""
    },
    "mediacl_statue": {
        "image": "images/items/item153.jpg",
        "name": "",
        "req": [],
        "use": "once",
        "gold": 600,
        "desc": "",
        "table": "matrial_main",
        "db_tab": "matrial_main",
        "long_desc": ""
    },
    "sparta_stab": {
        "image": "images/items/item017.jpg",
        "name": "",
        "req": [],
        "use": "once",
        "gold": 10,
        "desc": "",
        "table": "matrial_main",
        "db_tab": "matrial_main",
        "long_desc": ""
    },
    "marmlo_helmet": {
        "image": "images/items/item019.jpg",
        "name": "",
        "req": [],
        "use": "once",
        "gold": 10,
        "desc": "",
        "table": "matrial_main",
        "db_tab": "matrial_main",
        "long_desc": ""
    },
    "qulinds_shaft": {
        "image": "images/items/item018.jpg",
        "name": "",
        "req": [],
        "use": "once",
        "gold": 60,
        "desc": "",
        "table": "matrial_main",
        "db_tab": "matrial_main",
        "long_desc": ""
    },
    "march_prot": {
        "image": "images/items/item020.jpg",
        "name": "",
        "req": [],
        "use": "once",
        "gold": 60,
        "desc": "",
        "table": "matrial_main",
        "db_tab": "matrial_main",
        "long_desc": ""
    },
    "medal_ceasro": {
        "image": "images/items/item010.jpg",
        "name": "",
        "req": [],
        "use": "none",
        "gold": 50,
        "desc": "",
        "table": "matrial_main",
        "db_tab": "matrial_main",
        "long_desc": ""
    },
    "medal_den": {
        "image": "images/items/item011.jpg",
        "name": "",
        "req": [],
        "use": "none",
        "gold": 50,
        "desc": "",
        "table": "matrial_main",
        "db_tab": "matrial_main",
        "long_desc": ""
    },
    "medal_leo": {
        "image": "images/items/item012.jpg",
        "name": "",
        "req": [],
        "use": "none",
        "gold": 50,
        "desc": "",
        "table": "matrial_main",
        "db_tab": "matrial_main",
        "long_desc": ""
    },
    "ceaser_eagle": {
        "image": "images/items/item016.jpg",
        "name": "",
        "req": [],
        "use": "none",
        "gold": 30,
        "desc": "",
        "table": "matrial_main",
        "db_tab": "matrial_main",
        "long_desc": ""
    },
    "rec_letter": {
        "image": "images/items/item013.jpg",
        "name": "",
        "req": [],
        "use": "none",
        "gold": 5,
        "desc": "",
        "table": "matrial_main",
        "db_tab": "matrial_main",
        "long_desc": ""
    },
    "retreat_point": {
        "image": "images/items/item014.jpg",
        "name": "",
        "req": [],
        "use": "none",
        "gold": 8,
        "desc": "",
        "table": "matrial_main",
        "db_tab": "matrial_main",
        "long_desc": ""
    },
    "hero_train": {
        "image": "images/items/item089.jpg",
        "name": "",
        "req": [],
        "use": "none",
        "gold": 50,
        "desc": "",
        "table": "matrial_main",
        "db_tab": "matrial_main",
        "long_desc": ""
    },
    "random_move": {
        "image": "images/items/item007.jpg",
        "name": "",
        "req": [],
        "use": "once",
        "gold": 30,
        "desc": "",
        "table": "matrial_main",
        "db_tab": "matrial_main",
        "long_desc": ""
    },
    "certain_move": {
        "image": "images/items/item008.jpg",
        "name": "",
        "req": [],
        "use": "once",
        "gold": 90,
        "desc": "",
        "table": "matrial_main",
        "db_tab": "matrial_main",
        "long_desc": ""
    },
    "spies": {
        "image": "images/items/item027.jpg",
        "name": "",
        "req": [],
        "use": "none",
        "gold": 20,
        "desc": "",
        "table": "matrial_main",
        "db_tab": "matrial_main",
        "long_desc": ""
    },
    "change_name": {
        "image": "images/items/item026.jpg",
        "name": "",
        "req": [],
        "use": "none",
        "gold": 200,
        "desc": "",
        "table": "matrial_main",
        "db_tab": "matrial_main",
        "long_desc": ""
    },
    "buy_voucher": {
        "image": "images/items/buyVoucher.jpg",
        "name": "",
        "req": [],
        "use": "none",
        "gold": 5,
        "desc": "",
        "table": "matrial_main",
        "db_tab": "matrial_main",
        "long_desc": ""
    },
    "sell_voucher": {
        "image": "images/items/sellVoucher.jpg",
        "name": "",
        "req": [],
        "use": "none",
        "gold": 5,
        "desc": "",
        "table": "matrial_main",
        "db_tab": "matrial_main",
        "long_desc": ""
    },
    "black_ore": {
        "image": "images/items/Ore.black.jpg",
        "name": "",
        "req": [],
        "use": "none",
        "gold": 0,
        "desc": "",
        "table": "matrial_main",
        "db_tab": "matrial_main",
        "long_desc": ""
    },
    "silver_ore": {
        "image": "images/items/Ore.mirthial.jpg",
        "name": "",
        "req": [],
        "use": "none",
        "gold": 0,
        "desc": "",
        "table": "matrial_main",
        "db_tab": "matrial_main",
        "long_desc": ""
    },
    "red_ore": {
        "image": "images/items/Redore.jpg",
        "name": "",
        "req": [],
        "use": "none",
        "gold": 0,
        "desc": "",
        "table": "matrial_main",
        "db_tab": "matrial_main",
        "long_desc": ""
    },
    "red_bursa": {
        "image": "images/items/Redbursa.jpg",
        "name": "",
        "req": [],
        "use": "none",
        "gold": 0,
        "desc": "",
        "table": "matrial_main",
        "db_tab": "matrial_main",
        "long_desc": ""
    },
    "power_bright": {
        "image": "images/items/PowerofBright.jpg",
        "name": "",
        "req": [],
        "use": "none",
        "gold": 0,
        "desc": "",
        "table": "matrial_main",
        "db_tab": "matrial_main",
        "long_desc": ""
    },
    "bright_medal": {
        "image": "images/items/BrightMedal.jpg",
        "name": "",
        "req": [],
        "use": "none",
        "gold": 0,
        "desc": "",
        "table": "matrial_main",
        "db_tab": "matrial_main",
        "long_desc": ""
    },
    "bright_piece": {
        "image": "images/items/BrightPiece.jpg",
        "name": "",
        "req": [],
        "use": "none",
        "gold": 0,
        "desc": "",
        "table": "matrial_main",
        "db_tab": "matrial_main",
        "long_desc": ""
    },
    "bright_slo": {
        "image": "images/items/BrightEmblem.jpg",
        "name": "",
        "req": [],
        "use": "none",
        "gold": 0,
        "desc": "",
        "table": "matrial_main",
        "db_tab": "matrial_main",
        "long_desc": ""
    },
    "trumpet": {
        "image": "images/items/item022.jpg",
        "name": "",
        "req": [],
        "use": "none",
        "gold": 3,
        "desc": "",
        "table": "matrial_main",
        "db_tab": "matrial_main",
        "long_desc": ""
    },
    "repel_trumpet_1": {
        "image": "images/items/Horn.repression.1.jpg",
        "name": "",
        "req": [],
        "use": "none",
        "gold": 27,
        "desc": "",
        "table": "matrial_main",
        "db_tab": "matrial_main",
        "long_desc": ""
    },
    "repel_trumpet_2": {
        "image": "images/items/Horn.repression.2.jpg",
        "name": "",
        "req": [],
        "use": "none",
        "gold": 240,
        "desc": "",
        "table": "matrial_main",
        "db_tab": "matrial_main",
        "long_desc": ""
    },
    "repel_medal": {
        "image": "images/items/Trans.repression.jpg",
        "name": "",
        "req": [],
        "use": "none",
        "gold": 100,
        "desc": "",
        "table": "matrial_main",
        "db_tab": "matrial_main",
        "long_desc": ""
    },
    "warrior_medal": {
        "image": "images/items/warrior.jpg",
        "name": "",
        "req": [],
        "use": "none",
        "gold": 100,
        "desc": "",
        "table": "matrial_main",
        "db_tab": "matrial_main",
        "long_desc": ""
    },
    "bronze_horn": {
        "image": "images/items/CopperHorn.jpg",
        "name": "",
        "req": [],
        "use": "none",
        "gold": 100,
        "desc": "",
        "table": "matrial_main",
        "db_tab": "matrial_main",
        "long_desc": ""
    },
    "silver_horn": {
        "image": "images/items/SilverHorn.jpg",
        "name": "",
        "req": [],
        "use": "none",
        "gold": 100,
        "desc": "",
        "table": "matrial_main",
        "db_tab": "matrial_main",
        "long_desc": ""
    },
    "gold_horn": {
        "image": "images/items/GoldHorn.jpg",
        "name": "",
        "req": [],
        "use": "none",
        "gold": 100,
        "desc": "",
        "table": "matrial_main",
        "db_tab": "matrial_main",
        "long_desc": ""
    },
    "bronze_order": {
        "image": "images/items/CopperOrder.jpg",
        "name": "",
        "req": [],
        "use": "none",
        "gold": 100,
        "desc": "",
        "table": "matrial_main",
        "db_tab": "matrial_main",
        "long_desc": ""
    },
    "silver_order": {
        "image": "images/items/SilverOrder.jpg",
        "name": "",
        "req": [],
        "use": "none",
        "gold": 100,
        "desc": "",
        "table": "matrial_main",
        "db_tab": "matrial_main",
        "long_desc": ""
    },
    "gold_order": {
        "image": "images/items/GoldOrder.jpg",
        "name": "",
        "req": [],
        "use": "none",
        "gold": 100,
        "desc": "",
        "table": "matrial_main",
        "db_tab": "matrial_main",
        "long_desc": ""
    },
    "evil_pass": {
        "image": "images/items/Evilstoken.jpg",
        "name": "",
        "req": [],
        "use": "none",
        "gold": 0,
        "desc": "",
        "table": "matrial_main",
        "db_tab": "matrial_main",
        "long_desc": ""
    },
    "evil_army_pass": {
        "image": "images/items/EvilArmyPass.jpg",
        "name": "",
        "req": [],
        "use": "none",
        "gold": 0,
        "desc": "",
        "table": "matrial_main",
        "db_tab": "matrial_main",
        "long_desc": ""
    },
    "ancient_coins": {
        "image": "images/items/AncientCoins.jpg",
        "name": "",
        "req": [],
        "use": "none",  
        "gold": 0,
        "desc": "",      
        "table": "matrial_main",
        "db_tab": "matrial_main",
        "long_desc": ""
    },
    "apollo_pass": {
        "image": "images/items/ApolloPass.jpg",
        "name": "",
        "req": [],
        "use": "none",  
        "gold": 0,
        "desc": "",      
        "table": "matrial_main",
        "db_tab": "matrial_main",
        "long_desc": ""
    },
    "drachma": {
        "image": "images/items/drachma.jpg",
        "name": "",
        "req": [],
        "use": "none",  
        "gold": 0,
        "desc": "",      
        "table": "matrial_main",
        "db_tab": "matrial_main",
        "long_desc": ""
    },
    
    "festival_blue": {
        "image": "images/items/festival_blue.jpg",
        "name": "",
        "req": [],
        "use": "none",  
        "gold": 0,
        "desc": "",      
        "table": "matrial_main",
        "db_tab": "matrial_main",
        "long_desc": ""
    },
    "festival_gray": {
        "image": "images/items/festival_gray.jpg",
        "name": "",
        "req": [],
        "use": "none",  
        "gold": 0,
        "desc": "",      
        "table": "matrial_main",
        "db_tab": "matrial_main",
        "long_desc": ""
    },
    "festival_green": {
        "image": "images/items/festival_green.jpg",
        "name": "",
        "req": [],
        "use": "none",  
        "gold": 0,
        "desc": "",      
        "table": "matrial_main",
        "db_tab": "matrial_main",
        "long_desc": ""
    },
    "festival_orange": {
        "image": "images/items/festival_orange.jpg",
        "name": "",
        "req": [],
        "use": "none",  
        "gold": 0,
        "desc": "",      
        "table": "matrial_main",
        "db_tab": "matrial_main",
        "long_desc": ""
    },
    "festival_purple": {
        "image": "images/items/festival_purple.jpg",
        "name": "",
        "req": [],
        "use": "none",  
        "gold": 0,
        "desc": "",      
        "table": "matrial_main",
        "db_tab": "matrial_main",
        "long_desc": ""
    },
    "festival_special": {
        "image": "images/items/festival_special.jpg",
        "name": "",
        "req": [],
        "use": "none",  
        "gold": 0,
        "desc": "",      
        "table": "matrial_main",
        "db_tab": "matrial_main",
        "long_desc": ""
    },
    "festival_yellow": {
        "image": "images/items/festival_yellow.jpg",
        "name": "",
        "req": [],
        "use": "none",  
        "gold": 0,
        "desc": "",      
        "table": "matrial_main",
        "db_tab": "matrial_main",
        "long_desc": ""
    },
    "ghostemblem": {
        "image": "images/items/ghostemblem.jpg",
        "name": "",
        "req": [],
        "use": "none",  
        "gold": 0,
        "desc": "",      
        "table": "matrial_main",
        "db_tab": "matrial_main",
        "long_desc": ""
    },
    "god_spring": {
        "image": "images/items/GodSpring.jpg",
        "name": "",
        "req": [],
        "use": "none",  
        "gold": 0,
        "desc": "",      
        "table": "matrial_main",
        "db_tab": "matrial_main",
        "long_desc": ""
    },
    "huizhang": {
        "image": "images/items/huizhang.jpg",
        "name": "",
        "req": [],
        "use": "none",  
        "gold": 0,
        "desc": "",      
        "table": "matrial_main",
        "db_tab": "matrial_main",
        "long_desc": ""
    },
    "taffy": {
        "image": "images/items/taffy.jpg",
        "name": "",
        "req": [],
        "use": "none",  
        "gold": 0,
        "desc": "",      
        "table": "matrial_main",
        "db_tab": "matrial_main",
        "long_desc": ""
    },
    "rose_flower": {
        "image": "images/items/RoseFlower.jpg",
        "name": "",
        "req": [],
        "use": "none",  
        "gold": 0,
        "desc": "",      
        "table": "matrial_main",
        "db_tab": "matrial_main",
        "long_desc": ""
    },
    
    "peace_emblem": {
        "image": "images/items/PeaceEmblem.jpg",
        "name": "",
        "req": [],
        "use": "none",  
        "gold": 0,
        "desc": "",      
        "table": "matrial_main",
        "db_tab": "matrial_main",
        "long_desc": ""
    },
    "peace_flag": {
        "image": "images/items/PeaceFlag.jpg",
        "name": "",
        "req": [],
        "use": "none",  
        "gold": 0,
        "desc": "",      
        "table": "matrial_main",
        "db_tab": "matrial_main",
        "long_desc": ""
    },
    
    "peace_medal": {
        "image": "images/items/PeaceMedal.jpg",
        "name": "",
        "req": [],
        "use": "none",  
        "gold": 0,
        "desc": "",      
        "table": "matrial_main",
        "db_tab": "matrial_main",
        "long_desc": ""
    },
    "archit_a": {
        "image": "images/items/item028.jpg",
        "name": "",
        "req": [],
        "use": "none",
        "gold": 5,
        "desc": "",
        "table": "matrial_acce",
        "db_tab": "matrial_acce",
        "long_desc": ""
    },
    "archit_b": {
        "image": "images/items/item029.jpg",
        "name": "",
        "req": [],
        "use": "none",
        "gold": 10,
        "desc": "",
        "table": "matrial_acce",
        "db_tab": "matrial_acce",
        "long_desc": ""
    },
    "archit_c": {
        "image": "images/items/item030.jpg",
        "name": "",
        "req": [],
        "use": "once",
        "gold": 20,
        "desc": "",
        "table": "matrial_acce",
        "db_tab": "matrial_acce",
        "long_desc": ""
    },
    "archit_d": {
        "image": "images/items/item031.jpg",
        "name": "",
        "req": [],
        "use": "none",
        "gold": 100,
        "desc": "",
        "table": "matrial_acce",
        "db_tab": "matrial_acce",
        "long_desc": ""
    },
    "archim_a": {
        "image": "images/items/item032.jpg",
        "name": "",
        "req": [],
        "use": "none",
        "gold": 5,
        "desc": "",
        "table": "matrial_acce",
        "db_tab": "matrial_acce",
        "long_desc": ""
    },
    "archim_b": {
        "image": "images/items/item033.jpg",
        "name": "",
        "req": [],
        "use": "none",
        "gold": 10,
        "desc": "",
        "table": "matrial_acce",
        "db_tab": "matrial_acce",
        "long_desc": ""
    },
    "archim_c": {
        "image": "images/items/item034.jpg",
        "name": "",
        "req": [],
        "use": "none",
        "gold": 20,
        "desc": "",
        "table": "matrial_acce",
        "db_tab": "matrial_acce",
        "long_desc": ""
    },
    "archim_d": {
        "image": "images/items/item035.jpg",
        "name": "",
        "req": [],
        "use": "none",
        "gold": 100,
        "desc": "",
        "table": "matrial_acce",
        "db_tab": "matrial_acce",
        "long_desc": ""
    },
    "polit_a": {
        "image": "images/items/item099.jpg",
        "name": "",
        "req": [],
        "use": "none",
        "gold": 5,
        "desc": "",
        "table": "matrial_acce",
        "db_tab": "matrial_acce",
        "long_desc": ""
    },
    "polit_b": {
        "image": "images/items/item100.jpg",
        "name": "",
        "req": [],
        "use": "none",
        "gold": 10,
        "desc": "",
        "table": "matrial_acce",
        "db_tab": "matrial_acce",
        "long_desc": ""
    },
    "polit_c": {
        "image": "images/items/item101.jpg",
        "name": "",
        "req": [],
        "use": "none",
        "gold": 20,
        "desc": "",
        "table": "matrial_acce",
        "db_tab": "matrial_acce",
        "long_desc": ""
    },
    "polit_d": {
        "image": "images/items/item102.jpg",
        "name": "",
        "req": [],
        "use": "none",
        "gold": 100,
        "desc": "",
        "table": "matrial_acce",
        "db_tab": "matrial_acce",
        "long_desc": ""
    },
    "bread": {
        "image": "images/items/item091.jpg",
        "name": "",
        "req": [],
        "use": "none",
        "gold": 10,
        "desc": "",
        "table": "matrial_acce",
        "db_tab": "matrial_acce",
        "long_desc": ""
    },
    "fruit": {
        "image": "images/items/item092.jpg",
        "name": "",
        "req": [],
        "use": "none",
        "gold": 30,
        "desc": "",
        "table": "matrial_acce",
        "db_tab": "matrial_acce",
        "long_desc": ""
    },
    "milk": {
        "image": "images/items/item093.jpg",
        "name": "",
        "req": [],
        "use": "none",
        "gold": 60,
        "desc": "",
        "table": "matrial_acce",
        "db_tab": "matrial_acce",
        "long_desc": ""
    },
    "meat": {
        "image": "images/items/item094.jpg",
        "name": "",
        "req": [],
        "use": "none",
        "gold": 80,
        "desc": "",
        "table": "matrial_acce",
        "db_tab": "matrial_acce",
        "long_desc": ""
    },
    "coach": {
        "image": "images/items/item088.jpg",
        "name": "",
        "req": [],
        "use": "none",
        "gold": 5,
        "desc": "",
        "table": "matrial_acce",
        "db_tab": "matrial_acce",
        "long_desc": ""
    },
    "train_acce_30": {
        "image": "images/items/item036.jpg",
        "name": "",
        "req": [],
        "use": "none",
        "gold": 40,
        "desc": "",
        "table": "matrial_acce",
        "db_tab": "matrial_acce",
        "long_desc": ""
    },
    "train_acce_50": {
        "image": "images/items/item152.jpg",
        "name": "",
        "req": [],
        "use": "none",
        "gold": 60,
        "desc": "",
        "table": "matrial_acce",
        "db_tab": "matrial_acce",
        "long_desc": ""
    },
    "exp_hero_8": {
        "image": "images/items/item040.jpg",
        "name": "",
        "req": [],
        "use": "none",
        "gold": 8,
        "desc": "",
        "table": "matrial_acce",
        "db_tab": "matrial_acce",
        "long_desc": ""
    },
    "exp_hero_30": {
        "image": "images/items/item041.jpg",
        "name": "",
        "req": [],
        "use": "none",
        "gold": 30,
        "desc": "",
        "table": "matrial_acce",
        "db_tab": "matrial_acce",
        "long_desc": ""
    },
    "exp_hero_100": {
        "image": "images/items/item042.jpg",
        "name": "",
        "req": [],
        "use": "none",
        "gold": 100,
        "desc": "",
        "table": "matrial_acce",
        "db_tab": "matrial_acce",
        "long_desc": ""
    },
    "hero_back": {
        "image": "images/items/item087.jpg",
        "name": "",
        "req": [],
        "use": "none",
        "gold": 5,
        "desc": "",
        "table": "matrial_acce",
        "db_tab": "matrial_acce",
        "long_desc": ""
    },
    "shopping_car": {
        "image": "images/items/item038.jpg",
        "name": "",
        "req": [],
        "use": "none",
        "gold": 5,
        "desc": "",
        "table": "matrial_acce",
        "db_tab": "matrial_acce",
        "long_desc": ""
    },
    "wall_acce": {
        "image": "images/items/item037.jpg",
        "name": "",
        "req": [],
        "use": "none",
        "gold": 50,
        "desc": "",
        "table": "matrial_acce",
        "db_tab": "matrial_acce",
        "long_desc": ""
    },
    "powder_keg": {
        "image": "images/items/item039.jpg",
        "name": "",
        "req": [],
        "use": "none",
        "gold": 20,
        "desc": "",
        "table": "matrial_acce",
        "db_tab": "matrial_acce",
        "long_desc": ""
    },
    "wheat_1": {
        "image": "images/items/item043.jpg",
        "name": "",
        "req": [],
        "use": "once",
        "gold": 8,
        "desc": "",
        "table": "matrial_product",
        "db_tab": "matrial_product",
        "long_desc": ""
    },
    "wheat_7": {
        "image": "images/items/item044.jpg",
        "name": "",
        "req": [],
        "use": "once",
        "gold": 50,
        "desc": "",
        "table": "matrial_product",
        "db_tab": "matrial_product",
        "long_desc": ""
    },
    "stone_1": {
        "image": "images/items/item047.jpg",
        "name": "",
        "req": [],
        "use": "once",
        "gold": 8,
        "desc": "",
        "table": "matrial_product",
        "db_tab": "matrial_product",
        "long_desc": ""
    },
    "stone_7": {
        "image": "images/items/item048.jpg",
        "name": "",
        "req": [],
        "use": "once",
        "gold": 50,
        "desc": "",
        "table": "matrial_product",
        "db_tab": "matrial_product",
        "long_desc": ""
    },
    "wood_1": {
        "image": "images/items/item045.jpg",
        "name": "",
        "req": [],
        "use": "once",
        "gold": 8,
        "desc": "",
        "table": "matrial_product",
        "db_tab": "matrial_product",
        "long_desc": ""
    },
    "wood_7": {
        "image": "images/items/item046.jpg",
        "name": "",
        "req": [],
        "use": "once",
        "gold": 50,
        "desc": "",
        "table": "matrial_product",
        "db_tab": "matrial_product",
        "long_desc": ""
    },
    "metal_1": {
        "image": "images/items/item049.jpg",
        "name": "",
        "req": [],
        "use": "once",
        "gold": 8,
        "desc": "",
        "table": "matrial_product",
        "db_tab": "matrial_product",
        "long_desc": ""
    },
    "metal_7": {
        "image": "images/items/item050.jpg",
        "name": "",
        "req": [],
        "use": "once",
        "gold": 50,
        "desc": "",
        "table": "matrial_product",
        "db_tab": "matrial_product",
        "long_desc": ""
    },
    "coin_1": {
        "image": "images/items/item051.jpg",
        "name": "",
        "req": [],
        "use": "once",
        "gold": 45,
        "desc": "",
        "table": "matrial_product",
        "db_tab": "matrial_product",
        "long_desc": ""
    },
    "coin_7": {
        "image": "images/items/item052.jpg",
        "name": "",
        "req": [],
        "use": "once",
        "gold": 280,
        "desc": "",
        "table": "matrial_product",
        "db_tab": "matrial_product",
        "long_desc": ""
    },
    "gift_box": {
        "image": "images/items/item068.jpg",
        "name": "",
        "req": [],
        "use": "once",
        "gold": 80,
        "desc": "",
        "table": "matrial_box",
        "db_tab": "matrial_box",
        "long_desc": ""
    },
    "wood_box": {
        "image": "images/items/item069.jpg",
        "name": "",
        "req": [],
        "use": "once",
        "gold": 140,
        "desc": "",
        "table": "matrial_box",
        "db_tab": "matrial_box",
        "long_desc": ""
    },
    "golden_box": {
        "image": "images/items/item070.jpg",
        "name": "",
        "req": [],
        "use": "once",
        "gold": 240,
        "desc": "",
        "table": "matrial_box",
        "db_tab": "matrial_box",
        "long_desc": ""
    },
    "luck_play": {
        "image": "images/items/item098.jpg",
        "name": "",
        "req": [],
        "use": "once",
        "gold": 10,
        "desc": "",
        "table": "matrial_box",
        "db_tab": "matrial_box",
        "long_desc": ""
    },
    "army_box": {
        "image": "images/items/item066.jpg",
        "name": "",
        "req": [],
        "use": "many",
        "gold": 400,
        "desc": "",
        "table": "matrial_box",
        "db_tab": "matrial_box",
        "long_desc": ""
    },
    "tagned_3p": {
        "image": "images/items/item086.jpg",
        "name": "",
        "req": [],
        "use": "many",
        "gold": 50,
        "desc": "",
        "table": "matrial_box",
        "db_tab": "matrial_box",
        "long_desc": ""
    },
    "tagned_4p": {
        "image": "images/items/item086.jpg",
        "name": "",
        "req": [],
        "use": "many",
        "gold": 80,
        "desc": "",
        "table": "matrial_box",
        "db_tab": "matrial_box",
        "long_desc": ""
    },
    "tagned_5p": {
        "image": "images/items/item086.jpg",
        "name": "",
        "req": [],
        "use": "many",
        "gold": 120,
        "desc": "",
        "table": "matrial_box",
        "db_tab": "matrial_box",
        "long_desc": ""
    },
    "necklace_1": {
        "image": "images/items/item159.jpg",
        "name": "",
        "req": [],
        "use": "none",
        "gold": 10,
        "desc": "",
        "table": "matrial_box",
        "db_tab": "matrial_box",
        "long_desc": ""
    },
    "necklace_2": {
        "image": "images/items/item157.jpg",
        "name": "",
        "req": [],
        "use": "none",
        "gold": 20,
        "desc": "",
        "table": "matrial_box",
        "db_tab": "matrial_box",
        "long_desc": ""
    },
    "necklace_3": {
        "image": "images/items/item158.jpg",
        "name": "",
        "req": [],
        "use": "none",
        "gold": 30,
        "desc": "",
        "table": "matrial_box",
        "db_tab": "matrial_box",
        "long_desc": ""
    },
    "necklace_4": {
        "image": "images/items/item162.jpg",
        "name": "",
        "req": [],
        "use": "none",
        "gold": 30,
        "desc": "",
        "table": "matrial_box",
        "db_tab": "matrial_box",
        "long_desc": ""
    },
    "necklace_5": {
        "image": "images/items/item160.jpg",
        "name": "",
        "req": [],
        "use": "none",
        "gold": 100,
        "desc": "",
        "table": "matrial_box",
        "db_tab": "matrial_box",
        "long_desc": ""
    },
    "medal_bronz": {
        "image": "images/items/CopperMedal.jpg",
        "name": "",
        "req": [],
        "use": "none",
        "gold": 2,
        "desc": "",
        "table": "matrial_box",
        "db_tab": "matrial_box",
        "long_desc": ""
    },
    "medal_silver": {
        "image": "images/items/SilverMedal.jpg",
        "name": "",
        "req": [],
        "use": "none",
        "gold": 5,
        "desc": "",
        "table": "matrial_box",
        "db_tab": "matrial_box",
        "long_desc": ""
    },
    "medal_gold": {
        "image": "images/items/GoldMedal.jpg",
        "name": "",
        "req": [],
        "use": "none",
        "gold": 8,
        "desc": "",
        "table": "matrial_box",
        "db_tab": "matrial_box",
        "long_desc": ""
    },
    "army_all_1": {
        "image": "images/items/item143.jpg",
        "name": "",
        "req": [],
        "use": "many",
        "gold": 0,
        "desc": "",
        "table": "matrial_box",
        "db_tab": "matrial_box_plus",
        "long_desc": ""
    },
    "army_all_2": {
        "image": "images/items/item144.jpg",
        "name": "",
        "req": [],
        "use": "many",
        "gold": 0,
        "desc": "",
        "table": "matrial_box",
        "db_tab": "matrial_box_plus",
        "long_desc": ""
    },
    "army_all_3": {
        "image": "images/items/item145.jpg",
        "name": "",
        "req": [],
        "use": "many",
        "gold": 0,
        "desc": "",
        "table": "matrial_box",
        "db_tab": "matrial_box_plus",
        "long_desc": ""
    },
    "army_a_100": {
        "image": "images/items/item144.jpg",
        "name": "",
        "req": [],
        "use": "many",
        "gold": 0,
        "desc": "",
        "table": "matrial_box",
        "db_tab": "matrial_box_plus",
        "long_desc": ""
    },
    "army_b_100": {
        "image": "images/items/item144.jpg",
        "name": "",
        "req": [],
        "use": "many",
        "gold": 0,
        "desc": "",
        "table": "matrial_box",
        "db_tab": "matrial_box_plus",
        "long_desc": ""
    },
    "army_c_100": {
        "image": "images/items/item144.jpg",
        "name": "",
        "req": [],
        "use": "many",
        "gold": 0,
        "desc": "",
        "table": "matrial_box",
        "db_tab": "matrial_box_plus",
        "long_desc": ""
    },
    "army_d_100": {
        "image": "images/items/item144.jpg",
        "name": "",
        "req": [],
        "use": "many",
        "gold": 0,
        "desc": "",
        "table": "matrial_box",
        "db_tab": "matrial_box_plus",
        "long_desc": ""
    },
    "army_e_100": {
        "image": "images/items/item144.jpg",
        "name": "",
        "req": [],
        "use": "many",
        "gold": 0,
        "desc": "",
        "table": "matrial_box",
        "db_tab": "matrial_box_plus",
        "long_desc": ""
    },
    "army_f_100": {
        "image": "images/items/item144.jpg",
        "name": "",
        "req": [],
        "use": "many",
        "gold": 0,
        "desc": "",
        "table": "matrial_box",
        "db_tab": "matrial_box_plus",
        "long_desc": ""
    },
    "army_a_1000": {
        "image": "images/items/item145.jpg",
        "name": "",
        "req": [],
        "use": "many",
        "gold": 0,
        "desc": "",
        "table": "matrial_box",
        "db_tab": "matrial_box_plus",
        "long_desc": ""
    },
    "army_b_1000": {
        "image": "images/items/item145.jpg",
        "name": "",
        "req": [],
        "use": "many",
        "gold": 0,
        "desc": "",
        "table": "matrial_box",
        "db_tab": "matrial_box_plus",
        "long_desc": ""
    },
    "army_c_1000": {
        "image": "images/items/item145.jpg",
        "name": "",
        "req": [],
        "use": "many",
        "gold": 0,
        "desc": "",
        "table": "matrial_box",
        "db_tab": "matrial_box_plus",
        "long_desc": ""
    },
    "army_d_1000": {
        "image": "images/items/item145.jpg",
        "name": "",
        "req": [],
        "use": "many",
        "gold": 0,
        "desc": "",
        "table": "matrial_box",
        "db_tab": "matrial_box_plus",
        "long_desc": ""
    },
    "army_e_1000": {
        "image": "images/items/item145.jpg",
        "name": "",
        "req": [],
        "use": "many",
        "gold": 0,
        "desc": "",
        "table": "matrial_box",
        "db_tab": "matrial_box_plus",
        "long_desc": ""
    },
    "army_f_1000": {
        "image": "images/items/item145.jpg",
        "name": "",
        "req": [],
        "use": "many",
        "gold": 0,
        "desc": "",
        "table": "matrial_box",
        "db_tab": "matrial_box_plus",
        "long_desc": ""
    },
    "tagned_6p": {
        "image": "images/items/item086.jpg",
        "name": "",
        "req": [],
        "use": "many",
        "gold": 0,
        "desc": "",
        "table": "matrial_box",
        "db_tab": "matrial_box",
        "long_desc": ""
    },
    "tagned_7p": {
        "image": "images/items/item086.jpg",
        "name": "",
        "req": [],
        "use": "many",
        "gold": 0,
        "desc": "",
        "table": "matrial_box",
        "db_tab": "matrial_box",
        "long_desc": ""
    },
    "tagned_8p": {
        "image": "images/items/item086.jpg",
        "name": "",
        "req": [],
        "use": "many",
        "gold": 0,
        "desc": "",
        "table": "matrial_box",
        "db_tab": "matrial_box",
        "long_desc": ""
    },
    "t_map": {
        "image": "images/items/item090.jpg",
        "name": "",
        "req": [],
        "use": "none",
        "gold": 0,
        "desc": "",
        "table": "matrial_box",
        "db_tab": "matrial_box_plus",
        "long_desc": ""
    },
    "food_a": {
        "image": "images/items/item081.jpg",
        "name": "",
        "req": [],
        "use": "many",
        "gold": 3,
        "desc": "",
        "table": "matrial_box",
        "db_tab": "matrial_box_plus",
        "long_desc": ""
    },
    "food_b": {
        "image": "images/items/item081.jpg",
        "name": "",
        "req": [],
        "use": "many",
        "gold": 10,
        "desc": "",
        "table": "matrial_box",
        "db_tab": "matrial_box_plus",
        "long_desc": ""
    },
    "food_c": {
        "image": "images/items/item081.jpg",
        "name": "",
        "req": [],
        "use": "many",
        "gold": 50,
        "desc": "",
        "table": "matrial_box",
        "db_tab": "matrial_box_plus",
        "long_desc": ""
    },
    "food_d": {
        "image": "images/items/item081.jpg",
        "name": "",
        "req": [],
        "use": "many",
        "gold": 100,
        "desc": "",
        "table": "matrial_box",
        "db_tab": "matrial_box_plus",
        "long_desc": ""
    },
    "wood_a": {
        "image": "images/items/item082.jpg",
        "name": "",
        "req": [],
        "use": "many",
        "gold": 3,
        "desc": "",
        "table": "matrial_box",
        "db_tab": "matrial_box_plus",
        "long_desc": ""
    },
    "wood_b": {
        "image": "images/items/item082.jpg",
        "name": "",
        "req": [],
        "use": "many",
        "gold": 10,
        "desc": "",
        "table": "matrial_box",
        "db_tab": "matrial_box_plus",
        "long_desc": ""
    },
    "wood_c": {
        "image": "images/items/item082.jpg",
        "name": "",
        "req": [],
        "use": "many",
        "gold": 50,
        "desc": "",
        "table": "matrial_box",
        "db_tab": "matrial_box_plus",
        "long_desc": ""
    },
    "wood_d": {
        "image": "images/items/item082.jpg",
        "name": "",
        "req": [],
        "use": "many",
        "gold": 100,
        "desc": "",
        "table": "matrial_box",
        "db_tab": "matrial_box_plus",
        "long_desc": ""
    },
    "stone_a": {
        "image": "images/items/item083.jpg",
        "name": "",
        "req": [],
        "use": "many",
        "gold": 3,
        "desc": "",
        "table": "matrial_box",
        "db_tab": "matrial_box_plus",
        "long_desc": ""
    },
    "stone_b": {
        "image": "images/items/item083.jpg",
        "name": "",
        "req": [],
        "use": "many",
        "gold": 10,
        "desc": "",
        "table": "matrial_box",
        "db_tab": "matrial_box_plus",
        "long_desc": ""
    },
    "stone_c": {
        "image": "images/items/item083.jpg",
        "name": "",
        "req": [],
        "use": "many",
        "gold": 50,
        "desc": "",
        "table": "matrial_box",
        "db_tab": "matrial_box_plus",
        "long_desc": ""
    },
    "stone_d": {
        "image": "images/items/item083.jpg",
        "name": "",
        "req": [],
        "use": "many",
        "gold": 100,
        "desc": "",
        "table": "matrial_box",
        "db_tab": "matrial_box_plus",
        "long_desc": ""
    },
    "metal_a": {
        "image": "images/items/item084.jpg",
        "name": "",
        "req": [],
        "use": "many",
        "gold": 3,
        "desc": "",
        "table": "matrial_box",
        "db_tab": "matrial_box_plus",
        "long_desc": ""
    },
    "metal_b": {
        "image": "images/items/item084.jpg",
        "name": "",
        "req": [],
        "use": "many",
        "gold": 10,
        "desc": "",
        "table": "matrial_box",
        "db_tab": "matrial_box_plus",
        "long_desc": ""
    },
    "metal_c": {
        "image": "images/items/item084.jpg",
        "name": "",
        "req": [],
        "use": "many",
        "gold": 50,
        "desc": "",
        "table": "matrial_box",
        "db_tab": "matrial_box_plus",
        "long_desc": ""
    },
    "metal_d": {
        "image": "images/items/item084.jpg",
        "name": "",
        "req": [],
        "use": "many",
        "gold": 100,
        "desc": "",
        "table": "matrial_box",
        "db_tab": "matrial_box_plus",
        "long_desc": ""
    },
    "coin_a": {
        "image": "images/items/item085.jpg",
        "name": "",
        "req": [],
        "use": "many",
        "gold": 3,
        "desc": "",
        "table": "matrial_box",
        "db_tab": "matrial_box_plus",
        "long_desc": ""
    },
    "coin_b": {
        "image": "images/items/item085.jpg",
        "name": "",
        "req": [],
        "use": "many",
        "gold": 10,
        "desc": "",
        "table": "matrial_box",
        "db_tab": "matrial_box_plus",
        "long_desc": ""
    },
    "coin_c": {
        "image": "images/items/item085.jpg",
        "name": "",
        "req": [],
        "use": "many",
        "gold": 50,
        "desc": "",
        "table": "matrial_box",
        "db_tab": "matrial_box_plus",
        "long_desc": ""
    },
    "coin_d": {
        "image": "images/items/item085.jpg",
        "name": "",
        "req": [],
        "use": "many",
        "gold": 100,
        "desc": "",
        "table": "matrial_box",
        "db_tab": "matrial_box_plus",
        "long_desc": ""
    },
    "beginner_back_1": {
        "image": "images/items/item053.jpg",
        "name": "",
        "req": [],
        "use": "once",
        "gold": 0,
        "desc": "",
        "table": "matrial_box",
        "db_tab": "matrial_box_plus",
        "long_desc": ""
    },
    "beginner_back_2": {
        "image": "images/items/item054.jpg",
        "name": "",
        "req": [],
        "use": "once",
        "gold": 0,
        "desc": "",
        "table": "matrial_box",
        "db_tab": "matrial_box_plus",
        "long_desc": ""
    },
    "beginner_back_3": {
        "image": "images/items/item055.jpg",
        "name": "",
        "req": [],
        "use": "once",
        "gold": 0,
        "desc": "",
        "table": "matrial_box",
        "db_tab": "matrial_box_plus",
        "long_desc": ""
    },
    "beginner_back_4": {
        "image": "images/items/item056.jpg",
        "name": "",
        "req": [],
        "use": "once",
        "gold": 0,
        "desc": "",
        "table": "matrial_box",
        "db_tab": "matrial_box_plus",
        "long_desc": ""
    },
    "beginner_back_5": {
        "image": "images/items/item057.jpg",
        "name": "",
        "req": [],
        "use": "once",
        "gold": 0,
        "desc": "",
        "table": "matrial_box",
        "db_tab": "matrial_box_plus",
        "long_desc": ""
    },
    "luxury_1": {
        "image": "images/items/item071.jpg",
        "name": "",
        "req": [],
        "use": "none",
        "gold": 20,
        "desc": "",
        "table": "matrial_luxury",
        "db_tab": "matrial_luxury",
        "long_desc": ""
    },
    "luxury_2": {
        "image": "images/items/item072.jpg",
        "name": "",
        "req": [],
        "use": "none",
        "gold": 25,
        "desc": "",
        "table": "matrial_luxury",
        "db_tab": "matrial_luxury",
        "long_desc": ""
    },
    "luxury_3": {
        "image": "images/items/item073.jpg",
        "name": "",
        "req": [],
        "use": "none",
        "gold": 30,
        "desc": "",
        "table": "matrial_luxury",
        "db_tab": "matrial_luxury",
        "long_desc": ""
    },
    "luxury_4": {
        "image": "images/items/item074.jpg",
        "name": "",
        "req": [],
        "use": "none",
        "gold": 35,
        "desc": "",
        "table": "matrial_luxury",
        "db_tab": "matrial_luxury",
        "long_desc": ""
    },
    "luxury_5": {
        "image": "images/items/item075.jpg",
        "name": "",
        "req": [],
        "use": "none",
        "gold": 40,
        "desc": "",
        "table": "matrial_luxury",
        "db_tab": "matrial_luxury",
        "long_desc": ""
    },
    "luxury_6": {
        "image": "images/items/item076.jpg",
        "name": "",
        "req": [],
        "use": "none",
        "gold": 45,
        "desc": "",
        "table": "matrial_luxury",
        "db_tab": "matrial_luxury",
        "long_desc": ""
    },
    "luxury_7": {
        "image": "images/items/item077.jpg",
        "name": "",
        "req": [],
        "use": "none",
        "gold": 50,
        "desc": "",
        "table": "matrial_luxury",
        "db_tab": "matrial_luxury",
        "long_desc": ""
    },
    "luxury_8": {
        "image": "images/items/item078.jpg",
        "name": "",
        "req": [],
        "use": "none",
        "gold": 55,
        "desc": "",
        "table": "matrial_luxury",
        "db_tab": "matrial_luxury",
        "long_desc": ""
    },
    "luxury_9": {
        "image": "images/items/item079.jpg",
        "name": "",
        "req": [],
        "use": "none",
        "gold": 60,
        "desc": "",
        "table": "matrial_luxury",
        "db_tab": "matrial_luxury",
        "long_desc": ""
    },
    "flag_england": {
        "image": "images/items/Britons.jpg",
        "name": "",
        "req": [],
        "use": "once",
        "gold": 10,
        "desc": "",
        "table": "matrial_flags",
        "db_tab": "matrial_flags",
        "long_desc": ""
    },
    "flag_france": {
        "image": "images/items/Gauls.jpg",
        "name": "",
        "req": [],
        "use": "once",
        "gold": 10,
        "desc": "",
        "table": "matrial_flags",
        "db_tab": "matrial_flags",
        "long_desc": ""
    },
    "flag_germany": {
        "image": "images/items/Germans.jpg",
        "name": "",
        "req": [],
        "use": "once",
        "gold": 10,
        "desc": "",
        "table": "matrial_flags",
        "db_tab": "matrial_flags",
        "long_desc": ""
    },
    "flag_magul": {
        "image": "images/items/Huns.jpg",
        "name": "",
        "req": [],
        "use": "once",
        "gold": 10,
        "desc": "",
        "table": "matrial_flags",
        "db_tab": "matrial_flags",
        "long_desc": ""
    },
    "flag_macdoni": {
        "image": "images/items/Macedon.jpg",
        "name": "",
        "req": [],
        "use": "once",
        "gold": 10,
        "desc": "",
        "table": "matrial_flags",
        "db_tab": "matrial_flags",
        "long_desc": ""
    },
    "flag_roma": {
        "image": "images/items/Rome.jpg",
        "name": "",
        "req": [],
        "use": "once",
        "gold": 10,
        "desc": "",
        "table": "matrial_flags",
        "db_tab": "matrial_flags",
        "long_desc": ""
    },
    "flag_spain": {
        "image": "images/items/Spain.jpg",
        "name": "",
        "req": [],
        "use": "once",
        "gold": 10,
        "desc": "",
        "table": "matrial_flags",
        "db_tab": "matrial_flags",
        "long_desc": ""
    },
    "flag_cartaga": {
        "image": "images/items/Carthage.jpg",
        "name": "",
        "req": [],
        "use": "once",
        "gold": 10,
        "desc": "",
        "table": "matrial_flags",
        "db_tab": "matrial_flags",
        "long_desc": ""
    },
    "flag_egypt": {
        "image": "images/items/Egypt.jpg",
        "name": "",
        "req": [],
        "use": "once",
        "gold": 10,
        "desc": "",
        "table": "matrial_flags",
        "db_tab": "matrial_flags",
        "long_desc": ""
    },
    "flag_greek": {
        "image": "images/items/Parthia.jpg",
        "name": "",
        "req": [],
        "use": "once",
        "gold": 10,
        "desc": "",
        "table": "matrial_flags",
        "db_tab": "matrial_flags",
        "long_desc": ""
    },
    "law_1": {
        "image": "images/items/CodeofDraco.jpg",
        "name": "",
        "req": [],
        "use": "none",
        "gold": 100,
        "desc": "",
        "table": "matrial_flags",
        "db_tab": "matrial_flags",
        "long_desc": ""
    },
    "law_2": {
        "image": "images/items/LawoftheTwelveTables.jpg",
        "name": "",
        "req": [],
        "use": "none",
        "gold": 100,
        "desc": "",
        "table": "matrial_flags",
        "db_tab": "matrial_flags",
        "long_desc": ""
    },
    "law_3": {
        "image": "images/items/RomanLaw.jpg",
        "name": "",
        "req": [],
        "use": "none",
        "gold": 100,
        "desc": "",
        "table": "matrial_flags",
        "db_tab": "matrial_flags",
        "long_desc": ""
    },
    "truce_pack": {
        "image": "images/items/Trans.pacification.jpg",
        "name": "",
        "req": [],
        "use": "none",
        "gold": 15,
        "desc": "",
        "table": "matrial_flags",
        "db_tab": "matrial_flags",
        "long_desc": ""
    },
    "prestige_slogan": {
        "image": "images/items/prestige1.jpg",
        "name": "",
        "req": [],
        "use": "none",
        "gold": 125,
        "desc": "",
        "table": "matrial_flags",
        "db_tab": "matrial_flags",
        "long_desc": ""
    },
    "lion_slo": {
        "image": "images/items/LionEmblem.jpg",
        "name": "",
        "req": [],
        "use": "none",
        "gold": 0,
        "desc": "",
        "table": "matrial_flags",
        "db_tab": "matrial_flags",
        "long_desc": ""
    },
    "lion_hrt": {
        "image": "images/items/LionHeart.jpg",
        "name": "",
        "req": [],
        "use": "none",
        "gold": 0,
        "desc": "",
        "table": "matrial_flags",
        "db_tab": "matrial_flags",
        "long_desc": ""
    },
    "brave_slo": {
        "image": "images/items/FearlessnessEmblem.jpg",
        "name": "",
        "req": [],
        "use": "none",
        "gold": 0,
        "desc": "",
        "table": "matrial_flags",
        "db_tab": "matrial_flags",
        "long_desc": ""
    },
    "horn_help": {
        "image": "images/items/HornofMars.jpg",
        "name": "",
        "req": [],
        "use": "none",
        "gold": 0,
        "desc": "",
        "table": "matrial_flags",
        "db_tab": "matrial_flags",
        "long_desc": ""
    },
    "mili_slo": {
        "image": "images/items/Trans.excellent.jpg",
        "name": "",
        "req": [],
        "use": "none",
        "gold": 0,
        "desc": "",
        "table": "matrial_flags",
        "db_tab": "matrial_flags",
        "long_desc": ""
    },
    "god_point_5": {
        "image": "images/items/item068.jpg",
        "name": "",
        "req": [],
        "use": "many",
        "gold": 1,
        "desc": "",
        "table": "matrial_flags",
        "db_tab": "matrial_flags",
        "long_desc": ""
    },
    "god_point_30": {
        "image": "images/items/item103.jpg",
        "name": "",
        "req": [],
        "use": "many",
        "gold": 5,
        "desc": "",
        "table": "matrial_flags",
        "db_tab": "matrial_flags",
        "long_desc": ""
    },
    "god_point_75": {
        "image": "images/items/item063.jpg",
        "name": "",
        "req": [],
        "use": "many",
        "gold": 10,
        "desc": "",
        "table": "matrial_flags",
        "db_tab": "matrial_flags",
        "long_desc": ""
    },
    "god_point_175": {
        "image": "images/items/item064.jpg",
        "name": "",
        "req": [],
        "use": "many",
        "gold": 20,
        "desc": "",
        "table": "matrial_flags",
        "db_tab": "matrial_flags",
        "long_desc": ""
    },
    "god_point_750": {
        "image": "images/items/item053.jpg",
        "name": "",
        "req": [],
        "use": "many",
        "gold": 80,
        "desc": "",
        "table": "matrial_flags",
        "db_tab": "matrial_flags",
        "long_desc": ""
    },
    "god_point_1k": {
        "image": "images/items/item054.jpg",
        "name": "",
        "req": [],
        "use": "many",
        "gold": 100,
        "desc": "",
        "table": "matrial_flags",
        "db_tab": "matrial_flags",
        "long_desc": ""
    },
    "god_point_2k": {
        "image": "images/items/item055.jpg",
        "name": "",
        "req": [],
        "use": "many",
        "gold": 180,
        "desc": "",
        "table": "matrial_flags",
        "db_tab": "matrial_flags",
        "long_desc": ""
    },
    "god_point_5k": {
        "image": "images/items/item056.jpg",
        "name": "",
        "req": [],
        "use": "many",
        "gold": 425,
        "desc": "",
        "table": "matrial_flags",
        "db_tab": "matrial_flags",
        "long_desc": ""
    },
    "god_point_10k": {
        "image": "images/items/item057.jpg",
        "name": "",
        "req": [],
        "use": "many",
        "gold": 800,
        "desc": "",
        "table": "matrial_flags",
        "db_tab": "matrial_flags",
        "long_desc": ""
    },
    "god_point_50k": {
        "image": "images/items/item058.jpg",
        "name": "",
        "req": [],
        "use": "many",
        "gold": 3800,
        "desc": "",
        "table": "matrial_flags",
        "db_tab": "matrial_flags",
        "long_desc": ""
    }
}