{
   "growth":{
        
        "prestige_lvl":[
            
            {
                "title":"رفع مستوى البرستيج",
                "header": "قم برفع مستوى البرستيج لديك بواسطة انشاء وتطوير المبانى ودراسة الكثير من التقنيات  بالاضافة الى تدريب القوات",
                "listOfNeed":[
                    {
                        "ar_title": "البرستيج وصل الى 5000 فى المدينة",
                        "need_in":"player",               
                        "needed":"prestige"
                    } 
                ],
                "desc": "قم برفع مستوى البرستيج لديك بواسطة انشاء وتطوير المبانى ودراسة الكثير من التقنيات  بالاضافة الى تدريب القوات قم برفع مستوى البرستيج لديك بواسطة انشاء وتطوير المبانى ودراسة الكثير من التقنيات  بالاضافة الى تدريب القوات",
                "reword" :{
                    "ar_title": "100000  سسترسس",
                    "real":[
                        {
                            "amount":100000,
                            "type":"coin"
                        }
                    ]
                }
            },
            {
                "title":"رفع مستوى البرستيج",
                "header": "قم برفع مستوى البرستيج لديك بواسطة انشاء وتطوير المبانى ودراسة الكثير من التقنيات  بالاضافة الى تدريب القوات",
                "listOfNeed":[
                    {
                        "ar_title": "البرستيج وصل الى 50000 فى المدينة",
                        "need_in":"player",               
                        "needed":"prestige"
                    } 
                ],
                "desc": "قم برفع مستوى البرستيج لديك بواسطة انشاء وتطوير المبانى ودراسة الكثير من التقنيات  بالاضافة الى تدريب القوات قم برفع مستوى البرستيج لديك بواسطة انشاء وتطوير المبانى ودراسة الكثير من التقنيات  بالاضافة الى تدريب القوات",
                "reword" :{
                    "ar_title": "1000000  سسترسس",
                    "real":[
                        {
                            "amount":1000000,
                            "type":"coin"
                        }
                    ]
                }
            },
            {
                "title":"رفع مستوى البرستيج",
                "header": "قم برفع مستوى البرستيج لديك بواسطة انشاء وتطوير المبانى ودراسة الكثير من التقنيات  بالاضافة الى تدريب القوات",
                "listOfNeed":[
                    {
                        "ar_title": "البرستيج وصل الى 150000 فى المدينة",
                        "need_in":"player",               
                        "needed":"prestige"
                    } 
                ],
                "desc": "قم برفع مستوى البرستيج لديك بواسطة انشاء وتطوير المبانى ودراسة الكثير من التقنيات  بالاضافة الى تدريب القوات قم برفع مستوى البرستيج لديك بواسطة انشاء وتطوير المبانى ودراسة الكثير من التقنيات  بالاضافة الى تدريب القوات",
                "reword" :{
                    "ar_title": "15000000  سسترسس",
                    "real":[
                        {
                            "amount":15000000,
                            "type":"coin"
                        }
                    ]
                }
            },
            {
                "title":"رفع مستوى البرستيج",
                "header": "قم برفع مستوى البرستيج لديك بواسطة انشاء وتطوير المبانى ودراسة الكثير من التقنيات  بالاضافة الى تدريب القوات",
                "listOfNeed":[
                    {
                        "ar_title": "البرستيج وصل الى 150000 فى المدينة",
                        "need_in":"player",               
                        "needed":"prestige"
                    } 
                ],
                "desc": "قم برفع مستوى البرستيج لديك بواسطة انشاء وتطوير المبانى ودراسة الكثير من التقنيات  بالاضافة الى تدريب القوات قم برفع مستوى البرستيج لديك بواسطة انشاء وتطوير المبانى ودراسة الكثير من التقنيات  بالاضافة الى تدريب القوات",
                "reword" :{
                    "ar_title": "15000000  سسترسس",
                    "real":[
                        {
                            "amount":15000000,
                            "type":"coin"
                        }
                    ]
                }
            }
            
        ],
        "pormotion":[
            {
                "title":"رفع مستوى البرستيج",
                "header": "قم برفع مستوى البرستيج لديك بواسطة انشاء وتطوير المبانى ودراسة الكثير من التقنيات  بالاضافة الى تدريب القوات",
                "listOfNeed":[
                    {
                        "ar_title": "البرستيج وصل الى 5000 فى المدينة",
                        "need_in":"player",               
                        "needed":"prestige"
                    } 
                ],
                "desc": "قم برفع مستوى البرستيج لديك بواسطة انشاء وتطوير المبانى ودراسة الكثير من التقنيات  بالاضافة الى تدريب القوات قم برفع مستوى البرستيج لديك بواسطة انشاء وتطوير المبانى ودراسة الكثير من التقنيات  بالاضافة الى تدريب القوات",
                "reword" :{
                    "ar_title": "100000  سسترسس",
                    "real":[
                        {
                            "amount":100000,
                            "type":"coin"
                        }
                    ]
                }
            }
        ]
        
    }
}
