{
    "1": {
        "itemDesc": "重达50磅的盾牌，因为积聚了大量亡灵的怨恨，它能将敌人的攻击化于无形。",
        "name": "黑暗之盾",
        "funcDesc": "增加英雄所带部队少量防御值。"
    },
    "2": {
        "itemDesc": "防御力较好，实战中可以有效提高生命力。",
        "funcDesc": "增英雄所带部队防御值和生命值。",
        "name": "条形板甲"
    },
    "3": {
        "itemDesc": "行军必备，由优质皮革制成，攻防合一。",
        "name": "罗马鞋",
        "funcDesc": "增英雄所带部队防御值和生命值。"
    },
    "4": {
        "name": "刺杀短剑",
        "funcDesc": "增加英雄所带部队少量的攻击和伤害，装备时弓箭手获得箭雨技能。箭雨：同时攻击战场上所有敌方分队，对每支分队的基本伤害值是攻击单一分队的15%。",
        "itemDesc": "来自元老院的宝剑，攻击力高，伤害大，可以逆转战局。"
    },
    "5": {
        "name": "木盾",
        "funcDesc": "增英雄所带部队防御值和生命值。",
        "itemDesc": "木头制成，上面蒙有兽皮，并用窄条金属加固。"
    },
    "6": {
        "name": "黑暗铠甲",
        "itemDesc": "每一片甲片都有附上一个亡灵，全甲附有999个亡灵。",
        "funcDesc": "增加英雄所带部队少量防御值拥有特殊技能抵抗横扫，当技能激发时，能够以极少代价抵御敌人的攻击。能防御敌人骑兵的横扫千军技能。"
    },
    "7": {
        "itemDesc": "绑有死亡领主头发的铁质头盔。",
        "name": "黑暗头盔",
        "funcDesc": "增加英雄所带部队少量的攻击值和伤害值。"
    },
    "8": {
        "itemDesc": "传说是死亡领主的佩剑，镶嵌有高贵的宝石。",
        "name": "黑暗之剑",
        "funcDesc": "增加英雄所带部队少量的攻击值和伤害值。"
    },
    "9": {
        "funcDesc": "增加英雄所带部队少量的攻击和防御值以及伤害值。",
        "name": "黑暗皮靴",
        "itemDesc": "这双战靴传说是死亡领主砍杀恶龙后，用它的毛皮制作而成。"
    },
    "10": {
        "funcDesc": "增加英雄所带部队少量生命值和防御值。",
        "name": "狮王之盾",
        "itemDesc": "绘制有狮王图案的盾牌，因为积聚了大量勇者的勇气，它能将敌人的攻击化于无形。"
    },
    "11": {
        "funcDesc": "增加英雄所带部队少量生命值和防御值，军团步兵将拥有龟甲阵技能。",
        "name": "狮王铠甲",
        "itemDesc": "镶嵌狮王毛皮的铠甲，拥有非凡的防御力。"
    },
    "12": {
        "itemDesc": "狮头造型的精致铁盔，在太阳下闪烁耀眼的光芒。",
        "name": "狮王头盔",
        "funcDesc": "增加英雄所带部队少量的攻击值，伤害值和生命值。"
    },
    "13": {
        "itemDesc": "狮王掉落獠牙锻造的佩剑，锋利无比，它能砍断一切阻碍。",
        "name": "狮王之剑",
        "funcDesc": "增加英雄所带部队少量的攻击值和伤害值。"
    },
    "14": {
        "funcDesc": "增加英雄所带部队少量的攻击值和防御值以及伤害值。",
        "name": "狮王皮靴",
        "itemDesc": "这双战靴传说是狮王死后，用它的毛皮制作而成。"
    },
    "15": {
        "funcDesc": "增加英雄所带部队生命值和防御值。",
        "itemDesc": "火神乌尔肯锻造的盾牌，拥有非凡的防御力。",
        "name": "无畏之盾"
    },
    "16": {
        "funcDesc": "增加英雄所带部队生命值和防御值，军团步兵将拥有龟甲阵技能。",
        "itemDesc": "铠甲里拥有战神玛尔斯残留的意念。",
        "name": "无畏铠甲"
    },
    "17": {
        "name": "无畏头盔",
        "itemDesc": "战神玛尔斯用过的头盔，坚固异常。",
        "funcDesc": "增加英雄所带部队的生命值，攻击值和伤害值。"
    },
    "18": {
        "itemDesc": "战神玛尔斯用过的佩剑，曾杀死过恶魔。",
        "name": "无畏之剑",
        "funcDesc": "增加英雄所带部队的攻击值和伤害值。"
    },
    "19": {
        "name": "无畏皮靴",
        "funcDesc": "增加英雄所带部队的攻击值和防御值以及伤害值。",
        "itemDesc": "战神玛尔斯穿过的长靴，大地曾为之颤抖。"
    },
    "20": {
        "name": "神圣盾牌",
        "funcDesc": "增加英雄所带部队的生命值和防御值。",
        "itemDesc": "—多层实木和铁片复合而成，高达一米五的盾牌在世人面前叫嚣他的防御力。上面更雕刻着罗马人所信仰的战神图案。"
    },
    "21": {
        "funcDesc": "增加英雄所带部队的攻击值和伤害值。",
        "name": "神圣长枪",
        "itemDesc": "坚固的枪身上雕刻有神秘而强力的螺行符文，银白色的枪头寒光闪烁，无不显示出这是一把杀人利器。"
    },
    "22": {
        "funcDesc": "增加英雄所带部队的生命值，攻击值和防御值。",
        "name": "神圣板甲",
        "itemDesc": "用整块巨熊的毛皮制作而成，外面更挂有一片片铁质鳞片，盔甲灵活而坚韧，除了具有强大的防御力之外，更增加了将领的攻击能力！"
    },
    "23": {
        "itemDesc": "用参天大树树心的实木当做为鞋底，上面包有完整的兽皮，大大提高了军队的行军能力。",
        "name": "神圣军靴",
        "funcDesc": "增加英雄所带部队的防御值。"
    },
    "24": {
        "itemDesc": "整个头盔直接用黄铜浇注而成，无处不彰显罗马铁匠的先进技术，头盔上装饰有孔雀羽毛，更突显头盔的贵气。",
        "name": "神圣头盔",
        "funcDesc": "增加英雄所带部队的生命值，防御值和伤害值。"
    },
    "25": {
        "itemDesc": "农业之神的赏赐，轻巧结实，经久耐用，防御力较强。",
        "funcDesc": "增加英雄所带部队的生命值和防御值。",
        "name": "农神之天蓑衣"
    },
    "26": {
        "funcDesc": "增加英雄所带部队生命值，防御值和攻击值。所带弓箭手附带箭雨技能。",
        "name": "农神之斗笠",
        "itemDesc": "农业之神的赏赐，用途广泛，攻守合一，有效提高生命值。"
    },
    "27": {
        "funcDesc": "增加英雄所带部队的生命值，攻击值和伤害值。",
        "itemDesc": "农业之神的赏赐，锋利沉重，在农地上经过千锤百炼，破坏力较强。",
        "name": "农神之锄"
    },
    "28": {
        "itemDesc": "农业之神的赏赐，轻巧犀利，攻防合一，有效提高生命值。",
        "name": "农神之扇",
        "funcDesc": "增加英雄所带部队的生命值和伤害值。"
    },
    "29": {
        "name": "农神之鞋",
        "itemDesc": "农业之神的赏赐，搜集稀有材料制作的鞋子，能增加英雄所带军队生命值。",
        "funcDesc": "增加英雄所带部队生命值。"
    },
    "30": {
        "itemDesc": "运用最新工艺打造，防御力惊人。",
        "funcDesc": "增加英雄所带部队生命。",
        "name": "勇士盾牌"
    },
    "31": {
        "name": "勇士头盔",
        "funcDesc": "增加英雄所带部队防御。",
        "itemDesc": "半密封设计，对头部具有良好的保护作用。"
    },
    "32": {
        "name": "勇士斗蓬",
        "funcDesc": "增加英雄所带部队防御。",
        "itemDesc": "全新设计的斗蓬，具有一定的保护作用。"
    },
    "33": {
        "funcDesc": "增加英雄所带部队少量生命。",
        "name": "勇士护胫",
        "itemDesc": "保护腿部，保证士兵的移动能力。"
    },
    "34": {
        "name": "勇士长矛",
        "itemDesc": "勇士专用的长矛，能洞穿一切。",
        "funcDesc": "增加英雄所带部队攻击。"
    },
    "35": {
        "itemDesc": "火神乌尔肯锻造的卓越套装之剑，由于加入了珍贵的黑铁矿和秘银矿，使得卓越之剑不怕锈蚀，而且密度大，重量轻。",
        "name": "卓越之剑",
        "funcDesc": "增加英雄所带部队的伤害值。"
    },
    "36": {
        "itemDesc": "火神乌尔肯锻造的卓越套装之盾牌，加入了很多的黑铁矿和秘银矿，使得盾牌可以抵挡沉重的穿刺打击。",
        "name": "卓越之盾",
        "funcDesc": "增加英雄所带部队少量生命值和防御值。"
    },
    "37": {
        "funcDesc": "增加英雄所带部队少量防御值和攻击值。",
        "name": "卓越头盔",
        "itemDesc": "火神乌尔肯锻造的卓越套装之头盔，在加入黑铁矿和秘银矿之后，拥有卓越的防护能力。"
    },
    "38": {
        "funcDesc": "增加英雄所带部队的攻击值和伤害值。",
        "name": "卓越皮靴",
        "itemDesc": "火神乌尔肯锻造的卓越套装之皮靴，由于黑铁矿石和秘银矿的重量轻，使得皮靴在拥有卓越的防护能力的同时还不影响行动。"
    },
    "39": {
        "funcDesc": "增加英雄所带部队的生命值和防御值。",
        "itemDesc": "火神乌尔肯锻造的卓越套装之铠甲，同样加入很多的黑铁，可以抵挡沉重的穿刺打击而不影响身体灵活。",
        "name": "卓越铠甲"
    },
    "40": {
        "funcDesc": "增加部队生命。",
        "itemDesc": "为祭祀火神打造的头盔，带有火神祝福。",
        "name": "火神头盔"
    },
    "41": {
        "itemDesc": "为祭祀火神打造的铠甲，带有火神祝福。",
        "funcDesc": "增加部队防御。",
        "name": "火神铠甲"
    },
    "42": {
        "funcDesc": "增加部队生命。",
        "itemDesc": "为祭祀火神打造的钢靴，带有火神祝福。",
        "name": "火神钢靴"
    },
    "43": {
        "name": "火神短剑",
        "funcDesc": "增加部队攻击。",
        "itemDesc": "为祭祀火神打造的短剑，带有火神祝福。"
    },
    "44": {
        "name": "火神圆盾",
        "funcDesc": "增加部队防御。",
        "itemDesc": "为祭祀火神打造的圆盾，带有火神祝福。"
    },
    "45": {
        "funcDesc": "增加英雄所带部队攻击。",
        "name": "四季神木杖",
        "itemDesc": "四季神的情人果树女神赠送，武器充满了思恋。"
    },
    "46": {
        "itemDesc": "青草和树叶编制的凉鞋，十分舒适。",
        "name": "四季神之春季草鞋",
        "funcDesc": "增加英雄所带部队整体能力。"
    },
    "47": {
        "itemDesc": "用极薄的丝绸和奇妙的质料制成的长袍。",
        "name": "四季神之夏季短袍",
        "funcDesc": "增加英雄所带部队生命和防御。"
    },
    "48": {
        "name": "四季神之秋季花冠",
        "funcDesc": "增加英雄所带部队生命和攻击。",
        "itemDesc": "由树枝，花瓣编制的头冠，能为佩戴者带来胜利。"
    },
    "49": {
        "funcDesc": "增加英雄所带部队生命和防御。",
        "name": "四季神之冬季巨盾",
        "itemDesc": "巨树躯干做成，高1.7米，宽0.8米。"
    },
    "50": {
        "funcDesc": "增加英雄所带部队的生命值和防御力。",
        "name": "橄榄枝花环",
        "itemDesc": "橄榄枝花环是授予古代奥运会冠军的唯一奖品，并且被认为是代表最高荣誉的奖品。"
    },
    "51": {
        "funcDesc": "增加英雄所带部队的生命值和防御力。",
        "itemDesc": "最初奥林匹克竞技大会的参与者会批着兽皮外衣进行比赛。",
        "name": "兽皮外衣"
    },
    "52": {
        "itemDesc": "以奥林匹克竞技大会的标枪为原型所制作的纪念品，是奖励投掷能力出色的英雄的奖品。",
        "name": "标枪",
        "funcDesc": "增加英雄所带部队的攻击力。"
    },
    "53": {
        "funcDesc": "增加英雄所带部队的攻击力。",
        "name": "铁饼",
        "itemDesc": "以奥林匹克竞技大会的铁饼为原型所制作的纪念品，是奖励投掷能力出色的英雄的奖品。"
    },
    "54": {
        "funcDesc": "增加英雄所带部队的生命值和防御力。",
        "itemDesc": "以奥林匹克竞技大会的武装赛跑盾牌为原型所制作的纪念品，是奖励行军能力出色的英雄的奖品。",
        "name": "武装赛跑盾牌"
    },
    "55": {
        "funcDesc": "元老院奖励的腰带，只有罗马效忠的君主才能获得，在神庙进行升级后，可以提升它的性能。最高等级：忠诚腰带（9级），防御力+20。",
        "itemDesc": "元老院奖励的装备，只有罗马效忠的君主才能获得，在神庙进行升级后，可以提升它的性能。",
        "name": "忠诚腰带（1级）"
    },
    "56": {
        "name": "忠诚腰带（2级）",
        "funcDesc": "元老院奖励的腰带，只有罗马效忠的君主才能获得，在神庙进行升级后，可以提升它的性能。最高等级：忠诚腰带（9级），防御力+20。",
        "itemDesc": "元老院奖励的装备，只有罗马效忠的君主才能获得，在神庙进行升级后，可以提升它的性能。"
    },
    "57": {
        "name": "忠诚腰带（3级）",
        "itemDesc": "元老院奖励的装备，只有罗马效忠的君主才能获得，在神庙进行升级后，可以提升它的性能。",
        "funcDesc": "元老院奖励的腰带，只有罗马效忠的君主才能获得，在神庙进行升级后，可以提升它的性能。最高等级：忠诚腰带（9级），防御力+20。"
    },
    "58": {
        "itemDesc": "元老院奖励的装备，只有罗马效忠的君主才能获得，在神庙进行升级后，可以提升它的性能。",
        "name": "忠诚项链（1级）",
        "funcDesc": "元老院奖励的项链，只有罗马效忠的君主才能获得，在神庙进行升级后，可以提升它的性能。最高等级：忠诚项链（9级），生命+50。"
    },
    "59": {
        "name": "忠诚项链（2级）",
        "funcDesc": "元老院奖励的项链，只有罗马效忠的君主才能获得，在神庙进行升级后，可以提升它的性能。最高等级：忠诚项链（9级），生命+50。",
        "itemDesc": "元老院奖励的装备，只有罗马效忠的君主才能获得，在神庙进行升级后，可以提升它的性能。"
    },
    "60": {
        "name": "忠诚项链（3级）",
        "funcDesc": "元老院奖励的项链，只有罗马效忠的君主才能获得，在神庙进行升级后，可以提升它的性能。最高等级：忠诚项链（9级），生命+50。",
        "itemDesc": "元老院奖励的装备，只有罗马效忠的君主才能获得，在神庙进行升级后，可以提升它的性能。"
    },
    "61": {
        "funcDesc": "元老院奖励的饰品，只有罗马效忠的君主才能获得，在神庙进行升级后，可以提升它的性能。最高等级：忠诚饰品（9级），生命+50。",
        "name": "忠诚饰品（1级）",
        "itemDesc": "元老院奖励的装备，只有罗马效忠的君主才能获得，在神庙进行升级后，可以提升它的性能。"
    },
    "62": {
        "funcDesc": "元老院奖励的饰品，只有罗马效忠的君主才能获得，在神庙进行升级后，可以提升它的性能。最高等级：忠诚饰品（9级），生命+50。",
        "itemDesc": "元老院奖励的装备，只有罗马效忠的君主才能获得，在神庙进行升级后，可以提升它的性能。",
        "name": "忠诚饰品（2级）"
    },
    "63": {
        "itemDesc": "元老院奖励的装备，只有罗马效忠的君主才能获得，在神庙进行升级后，可以提升它的性能。",
        "name": "忠诚饰品（3级）",
        "funcDesc": "元老院奖励的饰品，只有罗马效忠的君主才能获得，在神庙进行升级后，可以提升它的性能。最高等级：忠诚饰品（9级），生命+50。"
    },
    "64": {
        "funcDesc": "元老院奖励的戒指，只有罗马效忠的君主才能获得，在神庙进行升级后，可以提升它的性能。最高等级：忠诚戒指（9级），攻击力+30。",
        "name": "忠诚戒指（1级）",
        "itemDesc": "元老院奖励的装备，只有罗马效忠的君主才能获得，在神庙进行升级后，可以提升它的性能。"
    },
    "65": {
        "funcDesc": "元老院奖励的戒指，只有罗马效忠的君主才能获得，在神庙进行升级后，可以提升它的性能。最高等级：忠诚戒指（9级），攻击力+30。",
        "name": "忠诚戒指（2级）",
        "itemDesc": "元老院奖励的装备，只有罗马效忠的君主才能获得，在神庙进行升级后，可以提升它的性能。"
    },
    "66": {
        "funcDesc": "元老院奖励的戒指，只有罗马效忠的君主才能获得，在神庙进行升级后，可以提升它的性能。最高等级：忠诚戒指（9级），攻击力+30。",
        "itemDesc": "元老院奖励的装备，只有罗马效忠的君主才能获得，在神庙进行升级后，可以提升它的性能。",
        "name": "忠诚戒指（3级）"
    },
    "67": {
        "funcDesc": "元老院奖励的战马，只有效忠罗马的君主才能获得，在神庙进行升级后，可以提升它的性能。最高等级：忠诚战马（9级），缩短行军时间 27%。",
        "itemDesc": "元老院奖励的装备，只有效忠罗马的君主才能获得，在神庙进行升级后，可以提升它的性能。",
        "name": "忠诚战马（1级）"
    },
    "68": {
        "name": "忠诚战马（2级）",
        "itemDesc": "元老院奖励的装备，只有效忠罗马的君主才能获得，在神庙进行升级后，可以提升它的性能。",
        "funcDesc": "元老院奖励的战马，只有效忠罗马的君主才能获得，在神庙进行升级后，可以提升它的性能。最高等级：忠诚战马（9级），缩短行军时间 27%。"
    },
    "69": {
        "itemDesc": "元老院奖励的装备，只有效忠罗马的君主才能获得，在神庙进行升级后，可以提升它的性能。",
        "name": "忠诚战马（3级）",
        "funcDesc": "元老院奖励的战马，只有效忠罗马的君主才能获得，在神庙进行升级后，可以提升它的性能。最高等级：忠诚战马（9级），缩短行军时间 27%。"
    },
    "70": {
        "itemDesc": "元老院奖励的装备，只有效忠罗马的君主才能获得，在神庙进行升级后，可以提升它的性能。",
        "name": "忠诚腰带（4级）",
        "funcDesc": "元老院奖励的腰带，只有效忠罗马的君主才能获得，在神庙进行升级后，可以提升它的性能。最高等级：忠诚腰带（9级），防御力 +20。"
    },
    "71": {
        "name": "忠诚腰带（5级）",
        "funcDesc": "元老院奖励的腰带，只有效忠罗马的君主才能获得，在神庙进行升级后，可以提升它的性能。最高等级：忠诚腰带（9级），防御力 +20。",
        "itemDesc": "元老院奖励的装备，只有效忠罗马的君主才能获得，在神庙进行升级后，可以提升它的性能。"
    },
    "72": {
        "name": "忠诚腰带（6级）",
        "funcDesc": "元老院奖励的腰带，只有效忠罗马的君主才能获得，在神庙进行升级后，可以提升它的性能。最高等级：忠诚腰带（9级），防御力 +20。",
        "itemDesc": "元老院奖励的装备，只有效忠罗马的君主才能获得，在神庙进行升级后，可以提升它的性能。"
    },
    "73": {
        "funcDesc": "元老院奖励的腰带，只有效忠罗马的君主才能获得，在神庙进行升级后，可以提升它的性能。最高等级：忠诚腰带（9级），防御力 +20。",
        "name": "忠诚腰带（7级）",
        "itemDesc": "元老院奖励的装备，只有效忠罗马的君主才能获得，在神庙进行升级后，可以提升它的性能。"
    },
    "74": {
        "itemDesc": "元老院奖励的装备，只有效忠罗马的君主才能获得，在神庙进行升级后，可以提升它的性能。",
        "name": "忠诚腰带（8级）",
        "funcDesc": "元老院奖励的腰带，只有效忠罗马的君主才能获得，在神庙进行升级后，可以提升它的性能。最高等级：忠诚腰带（9级），防御力 +20。"
    },
    "75": {
        "itemDesc": "元老院奖励的装备，只有效忠罗马的君主才能获得，在神庙进行升级后，可以提升它的性能。",
        "name": "忠诚腰带（9级）",
        "funcDesc": "元老院奖励的腰带，只有效忠罗马的君主才能获得，在神庙进行升级后，可以提升它的性能。最高等级：忠诚腰带（9级），防御力 +20。"
    },
    "76": {
        "funcDesc": "元老院奖励的项链，只有效忠罗马的君主才能获得，在神庙进行升级后，可以提升它的性能。最高等级：忠诚项链（9级），生命 +50。",
        "name": "忠诚项链（4级）",
        "itemDesc": "元老院奖励的装备，只有效忠罗马的君主才能获得，在神庙进行升级后，可以提升它的性能。"
    },
    "77": {
        "funcDesc": "元老院奖励的项链，只有效忠罗马的君主才能获得，在神庙进行升级后，可以提升它的性能。最高等级：忠诚项链（9级），生命 +50。",
        "name": "忠诚项链（5级）",
        "itemDesc": "元老院奖励的装备，只有效忠罗马的君主才能获得，在神庙进行升级后，可以提升它的性能。"
    },
    "78": {
        "funcDesc": "元老院奖励的项链，只有效忠罗马的君主才能获得，在神庙进行升级后，可以提升它的性能。最高等级：忠诚项链（9级），生命 +50。",
        "itemDesc": "元老院奖励的装备，只有效忠罗马的君主才能获得，在神庙进行升级后，可以提升它的性能。",
        "name": "忠诚项链（6级）"
    },
    "79": {
        "itemDesc": "元老院奖励的装备，只有效忠罗马的君主才能获得，在神庙进行升级后，可以提升它的性能。",
        "name": "忠诚项链（7级）",
        "funcDesc": "元老院奖励的项链，只有效忠罗马的君主才能获得，在神庙进行升级后，可以提升它的性能。最高等级：忠诚项链（9级），生命 +50。"
    },
    "80": {
        "itemDesc": "元老院奖励的装备，只有效忠罗马的君主才能获得，在神庙进行升级后，可以提升它的性能。",
        "name": "忠诚项链（8级）",
        "funcDesc": "元老院奖励的项链，只有效忠罗马的君主才能获得，在神庙进行升级后，可以提升它的性能。最高等级：忠诚项链（9级），生命 +50。"
    },
    "81": {
        "itemDesc": "元老院奖励的装备，只有效忠罗马的君主才能获得，在神庙进行升级后，可以提升它的性能。",
        "funcDesc": "元老院奖励的项链，只有效忠罗马的君主才能获得，在神庙进行升级后，可以提升它的性能。最高等级：忠诚项链（9级），生命 +50。",
        "name": "忠诚项链（9级）"
    },
    "82": {
        "funcDesc": "元老院奖励的饰品，只有效忠罗马的君主才能获得，在神庙进行升级后，可以提升它的性能。最高等级：忠诚饰品（9级），生命 +50。",
        "itemDesc": "元老院奖励的装备，只有效忠罗马的君主才能获得，在神庙进行升级后，可以提升它的性能。",
        "name": "忠诚饰品（4级）"
    },
    "83": {
        "name": "忠诚饰品（5级）",
        "funcDesc": "元老院奖励的饰品，只有效忠罗马的君主才能获得，在神庙进行升级后，可以提升它的性能。最高等级：忠诚饰品（9级），生命 +50。",
        "itemDesc": "元老院奖励的装备，只有效忠罗马的君主才能获得，在神庙进行升级后，可以提升它的性能。"
    },
    "84": {
        "name": "忠诚饰品（6级）",
        "funcDesc": "元老院奖励的饰品，只有效忠罗马的君主才能获得，在神庙进行升级后，可以提升它的性能。最高等级：忠诚饰品（9级），生命 +50。",
        "itemDesc": "元老院奖励的装备，只有效忠罗马的君主才能获得，在神庙进行升级后，可以提升它的性能。"
    },
    "85": {
        "name": "忠诚饰品（7级）",
        "itemDesc": "元老院奖励的装备，只有效忠罗马的君主才能获得，在神庙进行升级后，可以提升它的性能。",
        "funcDesc": "元老院奖励的饰品，只有效忠罗马的君主才能获得，在神庙进行升级后，可以提升它的性能。最高等级：忠诚饰品（9级），生命 +50。"
    },
    "86": {
        "itemDesc": "元老院奖励的装备，只有效忠罗马的君主才能获得，在神庙进行升级后，可以提升它的性能。",
        "name": "忠诚饰品（8级）",
        "funcDesc": "元老院奖励的饰品，只有效忠罗马的君主才能获得，在神庙进行升级后，可以提升它的性能。最高等级：忠诚饰品（9级），生命 +50。"
    },
    "87": {
        "name": "忠诚饰品（9级）",
        "funcDesc": "元老院奖励的饰品，只有效忠罗马的君主才能获得，在神庙进行升级后，可以提升它的性能。最高等级：忠诚饰品（9级），生命 +50。",
        "itemDesc": "元老院奖励的装备，只有效忠罗马的君主才能获得，在神庙进行升级后，可以提升它的性能。"
    },
    "88": {
        "funcDesc": "元老院奖励的戒指，只有效忠罗马的君主才能获得，在神庙进行升级后，可以提升它的性能。最高等级：忠诚戒指（9级），攻击力 +30。",
        "name": "忠诚戒指（4级）",
        "itemDesc": "元老院奖励的装备，只有效忠罗马的君主才能获得，在神庙进行升级后，可以提升它的性能。"
    },
    "89": {
        "funcDesc": "元老院奖励的戒指，只有效忠罗马的君主才能获得，在神庙进行升级后，可以提升它的性能。最高等级：忠诚戒指（9级），攻击力 +30。",
        "itemDesc": "元老院奖励的装备，只有效忠罗马的君主才能获得，在神庙进行升级后，可以提升它的性能。",
        "name": "忠诚戒指（5级）"
    },
    "90": {
        "funcDesc": "元老院奖励的戒指，只有效忠罗马的君主才能获得，在神庙进行升级后，可以提升它的性能。最高等级：忠诚戒指（9级），攻击力 +30。",
        "itemDesc": "元老院奖励的装备，只有效忠罗马的君主才能获得，在神庙进行升级后，可以提升它的性能。",
        "name": "忠诚戒指（6级）"
    },
    "91": {
        "itemDesc": "元老院奖励的装备，只有效忠罗马的君主才能获得，在神庙进行升级后，可以提升它的性能。",
        "name": "忠诚戒指（7级）",
        "funcDesc": "元老院奖励的戒指，只有效忠罗马的君主才能获得，在神庙进行升级后，可以提升它的性能。最高等级：忠诚戒指（9级），攻击力 +30。"
    },
    "92": {
        "itemDesc": "元老院奖励的装备，只有效忠罗马的君主才能获得，在神庙进行升级后，可以提升它的性能。",
        "funcDesc": "元老院奖励的戒指，只有效忠罗马的君主才能获得，在神庙进行升级后，可以提升它的性能。最高等级：忠诚戒指（9级），攻击力 +30。",
        "name": "忠诚戒指（8级）"
    },
    "93": {
        "funcDesc": "元老院奖励的戒指，只有效忠罗马的君主才能获得，在神庙进行升级后，可以提升它的性能。最高等级：忠诚戒指（9级），攻击力 +30。",
        "name": "忠诚戒指（9级）",
        "itemDesc": "元老院奖励的装备，只有效忠罗马的君主才能获得，在神庙进行升级后，可以提升它的性能。"
    },
    "94": {
        "funcDesc": "元老院奖励的战马，只有效忠罗马的君主才能获得，在神庙进行升级后，可以提升它的性能。最高等级：忠诚战马（9级），缩短行军时间 27%。",
        "itemDesc": "元老院奖励的装备，只有效忠罗马的君主才能获得，在神庙进行升级后，可以提升它的性能。",
        "name": "忠诚战马（4级）"
    },
    "95": {
        "name": "忠诚战马（5级）",
        "funcDesc": "元老院奖励的战马，只有效忠罗马的君主才能获得，在神庙进行升级后，可以提升它的性能。最高等级：忠诚战马（9级），缩短行军时间 27%。",
        "itemDesc": "元老院奖励的装备，只有效忠罗马的君主才能获得，在神庙进行升级后，可以提升它的性能。"
    },
    "96": {
        "name": "忠诚战马（6级）",
        "itemDesc": "元老院奖励的装备，只有效忠罗马的君主才能获得，在神庙进行升级后，可以提升它的性能。",
        "funcDesc": "元老院奖励的战马，只有效忠罗马的君主才能获得，在神庙进行升级后，可以提升它的性能。最高等级：忠诚战马（9级），缩短行军时间 27%。"
    },
    "97": {
        "name": "忠诚战马（7级）",
        "itemDesc": "元老院奖励的装备，只有效忠罗马的君主才能获得，在神庙进行升级后，可以提升它的性能。",
        "funcDesc": "元老院奖励的战马，只有效忠罗马的君主才能获得，在神庙进行升级后，可以提升它的性能。最高等级：忠诚战马（9级），缩短行军时间 27%。"
    },
    "98": {
        "itemDesc": "元老院奖励的装备，只有效忠罗马的君主才能获得，在神庙进行升级后，可以提升它的性能。",
        "name": "忠诚战马（8级）",
        "funcDesc": "元老院奖励的战马，只有效忠罗马的君主才能获得，在神庙进行升级后，可以提升它的性能。最高等级：忠诚战马（9级），缩短行军时间 27%。"
    },
    "99": {
        "name": "忠诚战马（9级）",
        "funcDesc": "元老院奖励的战马，只有效忠罗马的君主才能获得，在神庙进行升级后，可以提升它的性能。最高等级：忠诚战马（9级），缩短行军时间 27%。",
        "itemDesc": "元老院奖励的装备，只有效忠罗马的君主才能获得，在神庙进行升级后，可以提升它的性能。"
    },
    "100": {
        "itemDesc": "元老院奖励的装备，只有效忠罗马的君主才能获得，在神庙进行升级后，可以提升它的性能。",
        "name": "神圣项链（1级）",
        "funcDesc": "元老院奖励的项链，只有效忠罗马的君主才能获得，在神庙进行升级后，可以提升它的性能。最高等级：神圣项链（9级），生命 +50。"
    },
    "101": {
        "funcDesc": "元老院奖励的项链，只有效忠罗马的君主才能获得，在神庙进行升级后，可以提升它的性能。最高等级：神圣项链（9级），生命 +50。",
        "name": "神圣项链（2级）",
        "itemDesc": "元老院奖励的装备，只有效忠罗马的君主才能获得，在神庙进行升级后，可以提升它的性能。"
    },
    "102": {
        "funcDesc": "元老院奖励的项链，只有效忠罗马的君主才能获得，在神庙进行升级后，可以提升它的性能。最高等级：神圣项链（9级），生命 +50。",
        "itemDesc": "元老院奖励的装备，只有效忠罗马的君主才能获得，在神庙进行升级后，可以提升它的性能。",
        "name": "神圣项链（3级）"
    },
    "103": {
        "funcDesc": "元老院奖励的项链，只有效忠罗马的君主才能获得，在神庙进行升级后，可以提升它的性能。最高等级：神圣项链（9级），生命 +50。",
        "itemDesc": "元老院奖励的装备，只有效忠罗马的君主才能获得，在神庙进行升级后，可以提升它的性能。",
        "name": "神圣项链（4级）"
    },
    "104": {
        "itemDesc": "元老院奖励的装备，只有效忠罗马的君主才能获得，在神庙进行升级后，可以提升它的性能。",
        "funcDesc": "元老院奖励的项链，只有效忠罗马的君主才能获得，在神庙进行升级后，可以提升它的性能。最高等级：神圣项链（9级），生命 +50。",
        "name": "神圣项链（5级）"
    },
    "105": {
        "itemDesc": "元老院奖励的装备，只有效忠罗马的君主才能获得，在神庙进行升级后，可以提升它的性能。",
        "name": "神圣项链（6级）",
        "funcDesc": "元老院奖励的项链，只有效忠罗马的君主才能获得，在神庙进行升级后，可以提升它的性能。最高等级：神圣项链（9级），生命 +50。"
    },
    "106": {
        "name": "神圣项链（7级）",
        "funcDesc": "元老院奖励的项链，只有效忠罗马的君主才能获得，在神庙进行升级后，可以提升它的性能。最高等级：神圣项链（9级），生命 +50。",
        "itemDesc": "元老院奖励的装备，只有效忠罗马的君主才能获得，在神庙进行升级后，可以提升它的性能。"
    },
    "107": {
        "name": "神圣项链（8级）",
        "funcDesc": "元老院奖励的项链，只有效忠罗马的君主才能获得，在神庙进行升级后，可以提升它的性能。最高等级：神圣项链（9级），生命 +50。",
        "itemDesc": "元老院奖励的装备，只有效忠罗马的君主才能获得，在神庙进行升级后，可以提升它的性能。"
    },
    "108": {
        "funcDesc": "元老院奖励的项链，只有效忠罗马的君主才能获得，在神庙进行升级后，可以提升它的性能。最高等级：神圣项链（9级），生命 +50。",
        "name": "神圣项链（9级）",
        "itemDesc": "元老院奖励的装备，只有效忠罗马的君主才能获得，在神庙进行升级后，可以提升它的性能。"
    },
    "109": {
        "itemDesc": "元老院奖励的装备，只有效忠罗马的君主才能获得，在神庙进行升级后，可以提升它的性能。",
        "name": "神圣戒指（1级）",
        "funcDesc": "元老院奖励的戒指，只有效忠罗马的君主才能获得，在神庙进行升级后，可以提升它的性能。最高等级：神圣戒指（9级），攻击力 +30 防御 +9。"
    },
    "110": {
        "itemDesc": "元老院奖励的装备，只有效忠罗马的君主才能获得，在神庙进行升级后，可以提升它的性能。",
        "name": "神圣戒指（2级）",
        "funcDesc": "元老院奖励的戒指，只有效忠罗马的君主才能获得，在神庙进行升级后，可以提升它的性能。最高等级：神圣戒指（9级），攻击力 +30 防御 +9。"
    },
    "111": {
        "itemDesc": "元老院奖励的装备，只有效忠罗马的君主才能获得，在神庙进行升级后，可以提升它的性能。",
        "name": "神圣戒指（3级）",
        "funcDesc": "元老院奖励的戒指，只有效忠罗马的君主才能获得，在神庙进行升级后，可以提升它的性能。最高等级：神圣戒指（9级），攻击力 +30 防御 +9。"
    },
    "112": {
        "funcDesc": "元老院奖励的戒指，只有效忠罗马的君主才能获得，在神庙进行升级后，可以提升它的性能。最高等级：神圣戒指（9级），攻击力 +30 防御 +9。",
        "name": "神圣戒指（4级）",
        "itemDesc": "元老院奖励的装备，只有效忠罗马的君主才能获得，在神庙进行升级后，可以提升它的性能。"
    },
    "113": {
        "funcDesc": "元老院奖励的戒指，只有效忠罗马的君主才能获得，在神庙进行升级后，可以提升它的性能。最高等级：神圣戒指（9级），攻击力 +30 防御 +9。",
        "name": "神圣戒指（5级）",
        "itemDesc": "元老院奖励的装备，只有效忠罗马的君主才能获得，在神庙进行升级后，可以提升它的性能。"
    },
    "114": {
        "funcDesc": "元老院奖励的戒指，只有效忠罗马的君主才能获得，在神庙进行升级后，可以提升它的性能。最高等级：神圣戒指（9级），攻击力 +30 防御 +9。",
        "itemDesc": "元老院奖励的装备，只有效忠罗马的君主才能获得，在神庙进行升级后，可以提升它的性能。",
        "name": "神圣戒指（6级）"
    },
    "115": {
        "itemDesc": "元老院奖励的装备，只有效忠罗马的君主才能获得，在神庙进行升级后，可以提升它的性能。",
        "name": "神圣戒指（7级）",
        "funcDesc": "元老院奖励的戒指，只有效忠罗马的君主才能获得，在神庙进行升级后，可以提升它的性能。最高等级：神圣戒指（9级），攻击力 +30 防御 +9。"
    },
    "116": {
        "itemDesc": "元老院奖励的装备，只有效忠罗马的君主才能获得，在神庙进行升级后，可以提升它的性能。",
        "funcDesc": "元老院奖励的戒指，只有效忠罗马的君主才能获得，在神庙进行升级后，可以提升它的性能。最高等级：神圣戒指（9级），攻击力 +30 防御 +9。",
        "name": "神圣戒指（8级）"
    },
    "117": {
        "funcDesc": "元老院奖励的戒指，只有效忠罗马的君主才能获得，在神庙进行升级后，可以提升它的性能。最高等级：神圣戒指（9级），攻击力 +30 防御 +9。",
        "itemDesc": "元老院奖励的装备，只有效忠罗马的君主才能获得，在神庙进行升级后，可以提升它的性能。",
        "name": "神圣戒指（9级）"
    },
    "118": {
        "name": "圣诞麋鹿",
        "funcDesc": "缩短行军时间 15%。",
        "itemDesc": "圣诞老人的坐骑，带着圣诞老人周游全世界。"
    },
    "119": {
        "name": "神圣腰带（1级）",
        "funcDesc": "元老院奖励的腰带，只有效忠罗马的君主才能获得，在神庙进行升级后，可以提升它的性能。最高等级：神圣腰带（9级），生命 +15 防御 +30。",
        "itemDesc": "元老院奖励的装备，只有效忠罗马的君主才能获得，在神庙进行升级后，可以提升它的性能。"
    },
    "120": {
        "funcDesc": "元老院奖励的腰带，只有效忠罗马的君主才能获得，在神庙进行升级后，可以提升它的性能。最高等级：神圣腰带（9级），生命 +15 防御 +30。",
        "name": "神圣腰带（2级）",
        "itemDesc": "元老院奖励的装备，只有效忠罗马的君主才能获得，在神庙进行升级后，可以提升它的性能。"
    },
    "121": {
        "name": "神圣腰带（3级）",
        "itemDesc": "元老院奖励的装备，只有效忠罗马的君主才能获得，在神庙进行升级后，可以提升它的性能。",
        "funcDesc": "元老院奖励的腰带，只有效忠罗马的君主才能获得，在神庙进行升级后，可以提升它的性能。最高等级：神圣腰带（9级），生命 +15 防御 +30。"
    },
    "122": {
        "itemDesc": "元老院奖励的装备，只有效忠罗马的君主才能获得，在神庙进行升级后，可以提升它的性能。",
        "name": "神圣腰带（4级）",
        "funcDesc": "元老院奖励的腰带，只有效忠罗马的君主才能获得，在神庙进行升级后，可以提升它的性能。最高等级：神圣腰带（9级），生命 +15 防御 +30。"
    },
    "123": {
        "name": "神圣腰带（5级）",
        "funcDesc": "元老院奖励的腰带，只有效忠罗马的君主才能获得，在神庙进行升级后，可以提升它的性能。最高等级：神圣腰带（9级），生命 +15 防御 +30。",
        "itemDesc": "元老院奖励的装备，只有效忠罗马的君主才能获得，在神庙进行升级后，可以提升它的性能。"
    },
    "124": {
        "funcDesc": "元老院奖励的腰带，只有效忠罗马的君主才能获得，在神庙进行升级后，可以提升它的性能。最高等级：神圣腰带（9级），生命 +15 防御 +30。",
        "name": "神圣腰带（6级）",
        "itemDesc": "元老院奖励的装备，只有效忠罗马的君主才能获得，在神庙进行升级后，可以提升它的性能。"
    },
    "125": {
        "funcDesc": "元老院奖励的腰带，只有效忠罗马的君主才能获得，在神庙进行升级后，可以提升它的性能。最高等级：神圣腰带（9级），生命 +15 防御 +30。",
        "itemDesc": "元老院奖励的装备，只有效忠罗马的君主才能获得，在神庙进行升级后，可以提升它的性能。",
        "name": "神圣腰带（7级）"
    },
    "126": {
        "funcDesc": "元老院奖励的腰带，只有效忠罗马的君主才能获得，在神庙进行升级后，可以提升它的性能。最高等级：神圣腰带（9级），生命 +15 防御 +30。",
        "itemDesc": "元老院奖励的装备，只有效忠罗马的君主才能获得，在神庙进行升级后，可以提升它的性能。",
        "name": "神圣腰带（8级）"
    },
    "127": {
        "itemDesc": "元老院奖励的装备，只有效忠罗马的君主才能获得，在神庙进行升级后，可以提升它的性能。",
        "funcDesc": "元老院奖励的腰带，只有效忠罗马的君主才能获得，在神庙进行升级后，可以提升它的性能。最高等级：神圣腰带（9级），生命 +15 防御 +30。",
        "name": "神圣腰带（9级）"
    },
    "128": {
        "funcDesc": "元老院奖励的饰品，只有效忠罗马的君主才能获得，在神庙进行升级后，可以提升它的性能。最高等级：神圣饰品（9级），生命 +50 ，进攻 +9。",
        "name": "神圣饰品（1级）",
        "itemDesc": "元老院奖励的装备，只有效忠罗马的君主才能获得，在神庙进行升级后，可以提升它的性能。"
    },
    "129": {
        "funcDesc": "元老院奖励的饰品，只有效忠罗马的君主才能获得，在神庙进行升级后，可以提升它的性能。最高等级：神圣饰品（9级），生命 +50 ，进攻 +9。",
        "itemDesc": "元老院奖励的装备，只有效忠罗马的君主才能获得，在神庙进行升级后，可以提升它的性能。",
        "name": "神圣饰品（2级）"
    },
    "130": {
        "funcDesc": "元老院奖励的饰品，只有效忠罗马的君主才能获得，在神庙进行升级后，可以提升它的性能。最高等级：神圣饰品（9级），生命 +50 ，进攻 +9。",
        "itemDesc": "元老院奖励的装备，只有效忠罗马的君主才能获得，在神庙进行升级后，可以提升它的性能。",
        "name": "神圣饰品（3级）"
    },
    "131": {
        "funcDesc": "元老院奖励的饰品，只有效忠罗马的君主才能获得，在神庙进行升级后，可以提升它的性能。最高等级：神圣饰品（9级），生命 +50 ，进攻 +9。",
        "itemDesc": "元老院奖励的装备，只有效忠罗马的君主才能获得，在神庙进行升级后，可以提升它的性能。",
        "name": "神圣饰品（4级）"
    },
    "132": {
        "name": "神圣饰品（5级）",
        "itemDesc": "元老院奖励的装备，只有效忠罗马的君主才能获得，在神庙进行升级后，可以提升它的性能。",
        "funcDesc": "元老院奖励的饰品，只有效忠罗马的君主才能获得，在神庙进行升级后，可以提升它的性能。最高等级：神圣饰品（9级），生命 +50 ，进攻 +9。"
    },
    "133": {
        "itemDesc": "元老院奖励的装备，只有效忠罗马的君主才能获得，在神庙进行升级后，可以提升它的性能。",
        "name": "神圣饰品（6级）",
        "funcDesc": "元老院奖励的饰品，只有效忠罗马的君主才能获得，在神庙进行升级后，可以提升它的性能。最高等级：神圣饰品（9级），生命 +50 ，进攻 +9。"
    },
    "134": {
        "name": "神圣饰品（7级）",
        "funcDesc": "元老院奖励的饰品，只有效忠罗马的君主才能获得，在神庙进行升级后，可以提升它的性能。最高等级：神圣饰品（9级），生命 +50 ，进攻 +9。",
        "itemDesc": "元老院奖励的装备，只有效忠罗马的君主才能获得，在神庙进行升级后，可以提升它的性能。"
    },
    "135": {
        "name": "神圣饰品（8级）",
        "funcDesc": "元老院奖励的饰品，只有效忠罗马的君主才能获得，在神庙进行升级后，可以提升它的性能。最高等级：神圣饰品（9级），生命 +50 ，进攻 +9。",
        "itemDesc": "元老院奖励的装备，只有效忠罗马的君主才能获得，在神庙进行升级后，可以提升它的性能。"
    },
    "136": {
        "funcDesc": "元老院奖励的饰品，只有效忠罗马的君主才能获得，在神庙进行升级后，可以提升它的性能。最高等级：神圣饰品（9级），生命 +50 ，进攻 +9。",
        "name": "神圣饰品（9级）",
        "itemDesc": "元老院奖励的装备，只有效忠罗马的君主才能获得，在神庙进行升级后，可以提升它的性能。"
    },
    "137": {
        "funcDesc": "元老院奖励的战马，只有效忠罗马的君主才能获得，在神庙进行升级后，可以提升它的性能。最高等级：神圣战马（9级），缩短行军时间 36%。",
        "itemDesc": "元老院奖励的装备，只有效忠罗马的君主才能获得，在神庙进行升级后，可以提升它的性能。",
        "name": "神圣战马（1级）"
    },
    "138": {
        "itemDesc": "元老院奖励的装备，只有效忠罗马的君主才能获得，在神庙进行升级后，可以提升它的性能。",
        "name": "神圣战马（2级）",
        "funcDesc": "元老院奖励的战马，只有效忠罗马的君主才能获得，在神庙进行升级后，可以提升它的性能。最高等级：神圣战马（9级），缩短行军时间 36%。"
    },
    "139": {
        "funcDesc": "元老院奖励的战马，只有效忠罗马的君主才能获得，在神庙进行升级后，可以提升它的性能。最高等级：神圣战马（9级），缩短行军时间 36%。",
        "name": "神圣战马（3级）",
        "itemDesc": "元老院奖励的装备，只有效忠罗马的君主才能获得，在神庙进行升级后，可以提升它的性能。"
    },
    "140": {
        "funcDesc": "元老院奖励的战马，只有效忠罗马的君主才能获得，在神庙进行升级后，可以提升它的性能。最高等级：神圣战马（9级），缩短行军时间 36%。",
        "name": "神圣战马（4级）",
        "itemDesc": "元老院奖励的装备，只有效忠罗马的君主才能获得，在神庙进行升级后，可以提升它的性能。"
    },
    "141": {
        "funcDesc": "元老院奖励的战马，只有效忠罗马的君主才能获得，在神庙进行升级后，可以提升它的性能。最高等级：神圣战马（9级），缩短行军时间 36%。",
        "itemDesc": "元老院奖励的装备，只有效忠罗马的君主才能获得，在神庙进行升级后，可以提升它的性能。",
        "name": "神圣战马（5级）"
    },
    "142": {
        "funcDesc": "元老院奖励的战马，只有效忠罗马的君主才能获得，在神庙进行升级后，可以提升它的性能。最高等级：神圣战马（9级），缩短行军时间 36%。",
        "itemDesc": "元老院奖励的装备，只有效忠罗马的君主才能获得，在神庙进行升级后，可以提升它的性能。",
        "name": "神圣战马（6级）"
    },
    "143": {
        "itemDesc": "元老院奖励的装备，只有效忠罗马的君主才能获得，在神庙进行升级后，可以提升它的性能。",
        "name": "神圣战马（7级）",
        "funcDesc": "元老院奖励的战马，只有效忠罗马的君主才能获得，在神庙进行升级后，可以提升它的性能。最高等级：神圣战马（9级），缩短行军时间 36%。"
    },
    "144": {
        "itemDesc": "元老院奖励的装备，只有效忠罗马的君主才能获得，在神庙进行升级后，可以提升它的性能。",
        "funcDesc": "元老院奖励的战马，只有效忠罗马的君主才能获得，在神庙进行升级后，可以提升它的性能。最高等级：神圣战马（9级），缩短行军时间 36%。",
        "name": "神圣战马（8级）"
    },
    "145": {
        "itemDesc": "元老院奖励的装备，只有效忠罗马的君主才能获得，在神庙进行升级后，可以提升它的性能。",
        "name": "神圣战马（9级）",
        "funcDesc": "元老院奖励的战马，只有效忠罗马的君主才能获得，在神庙进行升级后，可以提升它的性能。最高等级：神圣战马（9级），缩短行军时间 36%。"
    },
    "146": {
        "name": "荣耀之剑",
        "funcDesc": "增加英雄所带部队少量的攻击值。",
        "itemDesc": "精铁制造的武器很锋利，攻击很高，是勇士荣耀的象征。"
    },
    "147": {
        "funcDesc": "增加英雄所带部队少量的攻击值和生命值。",
        "name": "荣耀头盔",
        "itemDesc": "精铁制造的头盔很坚固，是勇士荣耀的象征。"
    },
    "148": {
        "funcDesc": "增加英雄所带部队少量生命值和防御值。",
        "name": "荣耀护盾",
        "itemDesc": "精铁制造的护盾防御很高，是勇士荣耀的象征。"
    },
    "149": {
        "itemDesc": "精铁制造的护盾坚固异常，是勇士荣耀的象征。",
        "name": "荣耀强甲",
        "funcDesc": "增加英雄所带部队少量生命值和防御值。"
    },
    "150": {
        "itemDesc": "精铁制造的护靴，提高士兵的生存能力，是勇士荣耀的象征。",
        "name": "荣耀护靴",
        "funcDesc": "增加英雄所带部队少量的生命。"
    },
    "151": {
        "name": "荣耀腰带（1级）",
        "funcDesc": "罗马勇士荣耀的象征，只有在战争中拥有突出军功的勇士才可以获得，在神庙进行升级后，可以提升它的性能。最高等级：荣耀腰带（9级），防御力 +30， 攻击 +9。",
        "itemDesc": "罗马勇士荣耀的象征，只有在战争中拥有突出军功的勇士才可以获得，在神庙进行升级后，可以提升它的性能。"
    },
    "152": {
        "funcDesc": "罗马勇士荣耀的象征，只有在战争中拥有突出军功的勇士才可以获得，在神庙进行升级后，可以提升它的性能。最高等级：荣耀腰带（9级），防御力 +30， 攻击 +9。",
        "name": "荣耀腰带（2级）",
        "itemDesc": "罗马勇士荣耀的象征，只有在战争中拥有突出军功的勇士才可以获得，在神庙进行升级后，可以提升它的性能。"
    },
    "153": {
        "funcDesc": "罗马勇士荣耀的象征，只有在战争中拥有突出军功的勇士才可以获得，在神庙进行升级后，可以提升它的性能。最高等级：荣耀腰带（9级），防御力 +30， 攻击 +9。",
        "itemDesc": "罗马勇士荣耀的象征，只有在战争中拥有突出军功的勇士才可以获得，在神庙进行升级后，可以提升它的性能。",
        "name": "荣耀腰带（3级）"
    },
    "154": {
        "itemDesc": "罗马勇士荣耀的象征，只有在战争中拥有突出军功的勇士才可以获得，在神庙进行升级后，可以提升它的性能。",
        "name": "荣耀腰带（4级）",
        "funcDesc": "罗马勇士荣耀的象征，只有在战争中拥有突出军功的勇士才可以获得，在神庙进行升级后，可以提升它的性能。最高等级：荣耀腰带（9级），防御力 +30， 攻击 +9。"
    },
    "155": {
        "itemDesc": "罗马勇士荣耀的象征，只有在战争中拥有突出军功的勇士才可以获得，在神庙进行升级后，可以提升它的性能。",
        "funcDesc": "罗马勇士荣耀的象征，只有在战争中拥有突出军功的勇士才可以获得，在神庙进行升级后，可以提升它的性能。最高等级：荣耀腰带（9级），防御力 +30， 攻击 +9。",
        "name": "荣耀腰带（5级）"
    },
    "156": {
        "itemDesc": "罗马勇士荣耀的象征，只有在战争中拥有突出军功的勇士才可以获得，在神庙进行升级后，可以提升它的性能。",
        "funcDesc": "罗马勇士荣耀的象征，只有在战争中拥有突出军功的勇士才可以获得，在神庙进行升级后，可以提升它的性能。最高等级：荣耀腰带（9级），防御力 +30， 攻击 +9。",
        "name": "荣耀腰带（6级）"
    },
    "157": {
        "name": "荣耀腰带（7级）",
        "funcDesc": "罗马勇士荣耀的象征，只有在战争中拥有突出军功的勇士才可以获得，在神庙进行升级后，可以提升它的性能。最高等级：荣耀腰带（9级），防御力 +30， 攻击 +9。",
        "itemDesc": "罗马勇士荣耀的象征，只有在战争中拥有突出军功的勇士才可以获得，在神庙进行升级后，可以提升它的性能。"
    },
    "158": {
        "name": "荣耀腰带（8级）",
        "funcDesc": "罗马勇士荣耀的象征，只有在战争中拥有突出军功的勇士才可以获得，在神庙进行升级后，可以提升它的性能。最高等级：荣耀腰带（9级），防御力 +30， 攻击 +9。",
        "itemDesc": "罗马勇士荣耀的象征，只有在战争中拥有突出军功的勇士才可以获得，在神庙进行升级后，可以提升它的性能。"
    },
    "159": {
        "funcDesc": "罗马勇士荣耀的象征，只有在战争中拥有突出军功的勇士才可以获得，在神庙进行升级后，可以提升它的性能。最高等级：荣耀腰带（9级），防御力 +30， 攻击 +9。",
        "name": "荣耀腰带（9级）",
        "itemDesc": "罗马勇士荣耀的象征，只有在战争中拥有突出军功的勇士才可以获得，在神庙进行升级后，可以提升它的性能。"
    },
    "160": {
        "funcDesc": "罗马勇士荣耀的象征，只有在战争中拥有突出军功的勇士才可以获得，在神庙进行升级后，可以提升它的性能。最高等级：荣耀饰品（9级），生命 +60，防御+9。",
        "name": "荣耀项链（1级）",
        "itemDesc": "罗马勇士荣耀的象征，只有在战争中拥有突出军功的勇士才可以获得，在神庙进行升级后，可以提升它的性能。"
    },
    "161": {
        "itemDesc": "罗马勇士荣耀的象征，只有在战争中拥有突出军功的勇士才可以获得，在神庙进行升级后，可以提升它的性能。",
        "name": "荣耀项链（2级）",
        "funcDesc": "罗马勇士荣耀的象征，只有在战争中拥有突出军功的勇士才可以获得，在神庙进行升级后，可以提升它的性能。最高等级：荣耀饰品（9级），生命 +60，防御+9。"
    },
    "162": {
        "itemDesc": "罗马勇士荣耀的象征，只有在战争中拥有突出军功的勇士才可以获得，在神庙进行升级后，可以提升它的性能。",
        "name": "荣耀项链（3级）",
        "funcDesc": "罗马勇士荣耀的象征，只有在战争中拥有突出军功的勇士才可以获得，在神庙进行升级后，可以提升它的性能。最高等级：荣耀饰品（9级），生命 +60，防御+9。"
    },
    "163": {
        "name": "荣耀项链（4级）",
        "funcDesc": "罗马勇士荣耀的象征，只有在战争中拥有突出军功的勇士才可以获得，在神庙进行升级后，可以提升它的性能。最高等级：荣耀饰品（9级），生命 +60，防御+9。",
        "itemDesc": "罗马勇士荣耀的象征，只有在战争中拥有突出军功的勇士才可以获得，在神庙进行升级后，可以提升它的性能。"
    },
    "164": {
        "funcDesc": "罗马勇士荣耀的象征，只有在战争中拥有突出军功的勇士才可以获得，在神庙进行升级后，可以提升它的性能。最高等级：荣耀饰品（9级），生命 +60，防御+9。",
        "name": "荣耀项链（5级）",
        "itemDesc": "罗马勇士荣耀的象征，只有在战争中拥有突出军功的勇士才可以获得，在神庙进行升级后，可以提升它的性能。"
    },
    "165": {
        "funcDesc": "罗马勇士荣耀的象征，只有在战争中拥有突出军功的勇士才可以获得，在神庙进行升级后，可以提升它的性能。最高等级：荣耀饰品（9级），生命 +60，防御+9。",
        "itemDesc": "罗马勇士荣耀的象征，只有在战争中拥有突出军功的勇士才可以获得，在神庙进行升级后，可以提升它的性能。",
        "name": "荣耀项链（6级）"
    },
    "166": {
        "itemDesc": "罗马勇士荣耀的象征，只有在战争中拥有突出军功的勇士才可以获得，在神庙进行升级后，可以提升它的性能。",
        "name": "荣耀项链（7级）",
        "funcDesc": "罗马勇士荣耀的象征，只有在战争中拥有突出军功的勇士才可以获得，在神庙进行升级后，可以提升它的性能。最高等级：荣耀饰品（9级），生命 +60，防御+9。"
    },
    "167": {
        "itemDesc": "罗马勇士荣耀的象征，只有在战争中拥有突出军功的勇士才可以获得，在神庙进行升级后，可以提升它的性能。",
        "funcDesc": "罗马勇士荣耀的象征，只有在战争中拥有突出军功的勇士才可以获得，在神庙进行升级后，可以提升它的性能。最高等级：荣耀饰品（9级），生命 +60，防御+9。",
        "name": "荣耀项链（8级）"
    },
    "168": {
        "funcDesc": "罗马勇士荣耀的象征，只有在战争中拥有突出军功的勇士才可以获得，在神庙进行升级后，可以提升它的性能。最高等级：荣耀饰品（9级），生命 +60，防御+9。",
        "name": "荣耀项链（9级）",
        "itemDesc": "罗马勇士荣耀的象征，只有在战争中拥有突出军功的勇士才可以获得，在神庙进行升级后，可以提升它的性能。"
    },
    "169": {
        "funcDesc": "罗马勇士荣耀的象征，只有在战争中拥有突出军功的勇士才可以获得，在神庙进行升级后，可以提升它的性能。最高等级：荣耀饰品（9级），生命 +60，防御+9。",
        "itemDesc": "罗马勇士荣耀的象征，只有在战争中拥有突出军功的勇士才可以获得，在神庙进行升级后，可以提升它的性能。",
        "name": "荣耀饰品（1级）"
    },
    "170": {
        "name": "荣耀饰品（2级）",
        "funcDesc": "罗马勇士荣耀的象征，只有在战争中拥有突出军功的勇士才可以获得，在神庙进行升级后，可以提升它的性能。最高等级：荣耀饰品（9级），生命 +60，防御+9。",
        "itemDesc": "罗马勇士荣耀的象征，只有在战争中拥有突出军功的勇士才可以获得，在神庙进行升级后，可以提升它的性能。"
    },
    "171": {
        "funcDesc": "罗马勇士荣耀的象征，只有在战争中拥有突出军功的勇士才可以获得，在神庙进行升级后，可以提升它的性能。最高等级：荣耀饰品（9级），生命 +60，防御+9。",
        "name": "荣耀饰品（3级）",
        "itemDesc": "罗马勇士荣耀的象征，只有在战争中拥有突出军功的勇士才可以获得，在神庙进行升级后，可以提升它的性能。"
    },
    "172": {
        "name": "荣耀饰品（4级）",
        "itemDesc": "罗马勇士荣耀的象征，只有在战争中拥有突出军功的勇士才可以获得，在神庙进行升级后，可以提升它的性能。",
        "funcDesc": "罗马勇士荣耀的象征，只有在战争中拥有突出军功的勇士才可以获得，在神庙进行升级后，可以提升它的性能。最高等级：荣耀饰品（9级），生命 +60，防御+9。"
    },
    "173": {
        "itemDesc": "罗马勇士荣耀的象征，只有在战争中拥有突出军功的勇士才可以获得，在神庙进行升级后，可以提升它的性能。",
        "name": "荣耀饰品（5级）",
        "funcDesc": "罗马勇士荣耀的象征，只有在战争中拥有突出军功的勇士才可以获得，在神庙进行升级后，可以提升它的性能。最高等级：荣耀饰品（9级），生命 +60，防御+9。"
    },
    "174": {
        "name": "荣耀饰品（6级）",
        "funcDesc": "罗马勇士荣耀的象征，只有在战争中拥有突出军功的勇士才可以获得，在神庙进行升级后，可以提升它的性能。最高等级：荣耀饰品（9级），生命 +60，防御+9。",
        "itemDesc": "罗马勇士荣耀的象征，只有在战争中拥有突出军功的勇士才可以获得，在神庙进行升级后，可以提升它的性能。"
    },
    "175": {
        "funcDesc": "罗马勇士荣耀的象征，只有在战争中拥有突出军功的勇士才可以获得，在神庙进行升级后，可以提升它的性能。最高等级：荣耀饰品（9级），生命 +60，防御+9。",
        "name": "荣耀饰品（7级）",
        "itemDesc": "罗马勇士荣耀的象征，只有在战争中拥有突出军功的勇士才可以获得，在神庙进行升级后，可以提升它的性能。"
    },
    "176": {
        "funcDesc": "罗马勇士荣耀的象征，只有在战争中拥有突出军功的勇士才可以获得，在神庙进行升级后，可以提升它的性能。最高等级：荣耀饰品（9级），生命 +60，防御+9。",
        "itemDesc": "罗马勇士荣耀的象征，只有在战争中拥有突出军功的勇士才可以获得，在神庙进行升级后，可以提升它的性能。",
        "name": "荣耀饰品（8级）"
    },
    "177": {
        "itemDesc": "罗马勇士荣耀的象征，只有在战争中拥有突出军功的勇士才可以获得，在神庙进行升级后，可以提升它的性能。",
        "name": "荣耀饰品（9级）",
        "funcDesc": "罗马勇士荣耀的象征，只有在战争中拥有突出军功的勇士才可以获得，在神庙进行升级后，可以提升它的性能。最高等级：荣耀饰品（9级），生命 +60，防御+9。"
    },
    "178": {
        "itemDesc": "罗马勇士荣耀的象征，只有在战争中拥有突出军功的勇士才可以获得，在神庙进行升级后，可以提升它的性能。",
        "funcDesc": "罗马勇士荣耀的象征，只有在战争中拥有突出军功的勇士才可以获得，在神庙进行升级后，可以提升它的性能。最高等级：荣耀戒指（9级），生命 +15，攻击力 +40。",
        "name": "荣耀戒指（1级）"
    },
    "179": {
        "funcDesc": "罗马勇士荣耀的象征，只有在战争中拥有突出军功的勇士才可以获得，在神庙进行升级后，可以提升它的性能。最高等级：荣耀戒指（9级），生命 +15，攻击力 +40。",
        "name": "荣耀戒指（2级）",
        "itemDesc": "罗马勇士荣耀的象征，只有在战争中拥有突出军功的勇士才可以获得，在神庙进行升级后，可以提升它的性能。"
    },
    "180": {
        "funcDesc": "罗马勇士荣耀的象征，只有在战争中拥有突出军功的勇士才可以获得，在神庙进行升级后，可以提升它的性能。最高等级：荣耀戒指（9级），生命 +15，攻击力 +40。",
        "name": "荣耀戒指（3级）",
        "itemDesc": "罗马勇士荣耀的象征，只有在战争中拥有突出军功的勇士才可以获得，在神庙进行升级后，可以提升它的性能。"
    },
    "181": {
        "funcDesc": "罗马勇士荣耀的象征，只有在战争中拥有突出军功的勇士才可以获得，在神庙进行升级后，可以提升它的性能。最高等级：荣耀戒指（9级），生命 +15，攻击力 +40。",
        "itemDesc": "罗马勇士荣耀的象征，只有在战争中拥有突出军功的勇士才可以获得，在神庙进行升级后，可以提升它的性能。",
        "name": "荣耀戒指（4级）"
    },
    "182": {
        "funcDesc": "罗马勇士荣耀的象征，只有在战争中拥有突出军功的勇士才可以获得，在神庙进行升级后，可以提升它的性能。最高等级：荣耀戒指（9级），生命 +15，攻击力 +40。",
        "itemDesc": "罗马勇士荣耀的象征，只有在战争中拥有突出军功的勇士才可以获得，在神庙进行升级后，可以提升它的性能。",
        "name": "荣耀戒指（5级）"
    },
    "183": {
        "itemDesc": "罗马勇士荣耀的象征，只有在战争中拥有突出军功的勇士才可以获得，在神庙进行升级后，可以提升它的性能。",
        "funcDesc": "罗马勇士荣耀的象征，只有在战争中拥有突出军功的勇士才可以获得，在神庙进行升级后，可以提升它的性能。最高等级：荣耀戒指（9级），生命 +15，攻击力 +40。",
        "name": "荣耀戒指（6级）"
    },
    "184": {
        "name": "荣耀戒指（7级）",
        "itemDesc": "罗马勇士荣耀的象征，只有在战争中拥有突出军功的勇士才可以获得，在神庙进行升级后，可以提升它的性能。",
        "funcDesc": "罗马勇士荣耀的象征，只有在战争中拥有突出军功的勇士才可以获得，在神庙进行升级后，可以提升它的性能。最高等级：荣耀戒指（9级），生命 +15，攻击力 +40。"
    },
    "185": {
        "name": "荣耀戒指（8级）",
        "funcDesc": "罗马勇士荣耀的象征，只有在战争中拥有突出军功的勇士才可以获得，在神庙进行升级后，可以提升它的性能。最高等级：荣耀戒指（9级），生命 +15，攻击力 +40。",
        "itemDesc": "罗马勇士荣耀的象征，只有在战争中拥有突出军功的勇士才可以获得，在神庙进行升级后，可以提升它的性能。"
    },
    "186": {
        "name": "荣耀戒指（9级）",
        "funcDesc": "罗马勇士荣耀的象征，只有在战争中拥有突出军功的勇士才可以获得，在神庙进行升级后，可以提升它的性能。最高等级：荣耀戒指（9级），生命 +15，攻击力 +40。",
        "itemDesc": "罗马勇士荣耀的象征，只有在战争中拥有突出军功的勇士才可以获得，在神庙进行升级后，可以提升它的性能。"
    },
    "187": {
        "funcDesc": "罗马勇士荣耀的象征，只有在战争中拥有突出军功的勇士才可以获得，在神庙进行升级后，可以提升它的性能。最高等级：荣耀战马（9级），缩短行军时间 45%。",
        "name": "荣耀战马（1级）",
        "itemDesc": "罗马勇士荣耀的象征，只有在战争中拥有突出军功的勇士才可以获得，在神庙进行升级后，可以提升它的性能。"
    },
    "188": {
        "itemDesc": "罗马勇士荣耀的象征，只有在战争中拥有突出军功的勇士才可以获得，在神庙进行升级后，可以提升它的性能。",
        "name": "荣耀战马（2级）",
        "funcDesc": "罗马勇士荣耀的象征，只有在战争中拥有突出军功的勇士才可以获得，在神庙进行升级后，可以提升它的性能。最高等级：荣耀战马（9级），缩短行军时间 45%。"
    },
    "189": {
        "itemDesc": "罗马勇士荣耀的象征，只有在战争中拥有突出军功的勇士才可以获得，在神庙进行升级后，可以提升它的性能。",
        "name": "荣耀战马（3级）",
        "funcDesc": "罗马勇士荣耀的象征，只有在战争中拥有突出军功的勇士才可以获得，在神庙进行升级后，可以提升它的性能。最高等级：荣耀战马（9级），缩短行军时间 45%。"
    },
    "190": {
        "itemDesc": "罗马勇士荣耀的象征，只有在战争中拥有突出军功的勇士才可以获得，在神庙进行升级后，可以提升它的性能。",
        "name": "荣耀战马（4级）",
        "funcDesc": "罗马勇士荣耀的象征，只有在战争中拥有突出军功的勇士才可以获得，在神庙进行升级后，可以提升它的性能。最高等级：荣耀战马（9级），缩短行军时间 45%。"
    },
    "191": {
        "funcDesc": "罗马勇士荣耀的象征，只有在战争中拥有突出军功的勇士才可以获得，在神庙进行升级后，可以提升它的性能。最高等级：荣耀战马（9级），缩短行军时间 45%。",
        "name": "荣耀战马（5级）",
        "itemDesc": "罗马勇士荣耀的象征，只有在战争中拥有突出军功的勇士才可以获得，在神庙进行升级后，可以提升它的性能。"
    },
    "192": {
        "funcDesc": "罗马勇士荣耀的象征，只有在战争中拥有突出军功的勇士才可以获得，在神庙进行升级后，可以提升它的性能。最高等级：荣耀战马（9级），缩短行军时间 45%。",
        "itemDesc": "罗马勇士荣耀的象征，只有在战争中拥有突出军功的勇士才可以获得，在神庙进行升级后，可以提升它的性能。",
        "name": "荣耀战马（6级）"
    },
    "193": {
        "funcDesc": "罗马勇士荣耀的象征，只有在战争中拥有突出军功的勇士才可以获得，在神庙进行升级后，可以提升它的性能。最高等级：荣耀战马（9级），缩短行军时间 45%。",
        "itemDesc": "罗马勇士荣耀的象征，只有在战争中拥有突出军功的勇士才可以获得，在神庙进行升级后，可以提升它的性能。",
        "name": "荣耀战马（7级）"
    },
    "194": {
        "itemDesc": "罗马勇士荣耀的象征，只有在战争中拥有突出军功的勇士才可以获得。",
        "funcDesc": "罗马勇士荣耀的象征，只有在战争中拥有突出军功的勇士才可以获得，在神庙进行升级后，可以提升它的性能。最高等级：荣耀战马（9级），缩短行军时间 45%。",
        "name": "荣耀战马（8级）"
    },
    "195": {
        "name": "荣耀战马（9级）",
        "itemDesc": "罗马勇士荣耀的象征，只有在战争中拥有突出军功的勇士才可以获得。",
        "funcDesc": "罗马勇士荣耀的象征，只有在战争中拥有突出军功的勇士才可以获得，在神庙进行升级后，可以提升它的性能。最高等级：荣耀战马（9级），缩短行军时间 45%。"
    },
    "196": {
        "name": "白色头盔",
        "funcDesc": "增加英雄所带部队的生命和防御。",
        "itemDesc": "周年庆典特别装备，只有最忠实的玩家才能获得，同时也是身份的象征。"
    },
    "197": {
        "name": "白色铠甲",
        "funcDesc": "增加英雄所带部队的生命和攻击。",
        "itemDesc": "周年庆典特别装备，只有最忠实的玩家才能获得。同时也是身份的象征。"
    },
    "198": {
        "funcDesc": "增加英雄所带部队的防御和攻击。",
        "name": "白色长靴",
        "itemDesc": "周年庆典特别装备，只有最忠实的玩家才能获得。同时也是身份的象征。"
    },
    "199": {
        "itemDesc": "周年庆典特别装备，只有最忠实的玩家才能获得，同时也是身份的象征。",
        "name": "白色武器",
        "funcDesc": "增加英雄所带部队的攻击和伤害。"
    },
    "200": {
        "itemDesc": "周年庆典特别装备，只有最忠实的玩家才能获得，同时也是身份的象征。",
        "name": "白色盾牌",
        "funcDesc": "增加英雄所带部队的生命和防御。"
    },
    "201": {
        "funcDesc": "战神玛尔斯赐予\"玛尔斯之子\"的优秀装备，穿上它的战士获得来自玛尔斯的庇佑。",
        "name": "战神头盔",
        "itemDesc": "战神玛尔斯赐予\"玛尔斯之子\"的优秀装备，穿上它将会让你带领的弓箭手更加强大。"
    },
    "202": {
        "funcDesc": "战神玛尔斯赐予\"玛尔斯之子\"的优秀装备，穿上它的战士获得来自玛尔斯的庇佑。",
        "name": "战神铠甲",
        "itemDesc": "战神玛尔斯赐予\"玛尔斯之子\"的优秀装备，会为你带来高额的生命和防御力加成。"
    },
    "203": {
        "funcDesc": "战神玛尔斯赐予\"玛尔斯之子\"的优秀装备，穿上它的战士获得来自玛尔斯的庇佑。",
        "itemDesc": "战神玛尔斯所穿装备，具有强大而神秘的力量，是实力的象征。",
        "name": "战神靴"
    },
    "204": {
        "itemDesc": "战神玛尔斯赐予\"玛尔斯之子\"的优秀装备，增加大量攻击力和伤害。",
        "name": "战神之剑",
        "funcDesc": "战神玛尔斯赐予\"玛尔斯之子\"的优秀装备，穿上它的战士获得来自玛尔斯的庇佑。"
    },
    "205": {
        "itemDesc": "战神玛尔斯赐予\"玛尔斯之子\"的优秀装备，增加生命和防御力。",
        "funcDesc": "战神玛尔斯赐予\"玛尔斯之子\"的优秀装备，穿上它的战士获得来自玛尔斯的庇佑。",
        "name": "战神盾牌"
    },
    "206": null
}