{
    "0": {
        "name": "كوخ",
        "func": "{1} مستوى {0} ويتسع ل {2} من السكان",
        "functionDesc": "ايواء  المواطنين وجذب المزيد \n  من البشر ليعيشوا في مدينتك سوف \n  يزيد  من عدد سكان مدينتك. لذا\n  اهتم ببناء الاكواخ وتطويرها",
        "desc": "السكان يلعب دور كبير في تطويرالمدينة \n .بناء الاكواخ مهمة جدا للاعب البارع",
        "id": "building.house"
    },
    "1": {
        "name": "كوخ",
        "func": "{1} مستوى {0} ويتسع ل {2} من السكان",
        "functionDesc": "ايواء  المواطنين وجذب المزيد \n  من البشر ليعيشوا في مدينتك سوف \n  يزيد  من عدد سكان مدينتك. لذا\n  اهتم ببناء الاكواخ وتطويرها",
        "desc": "السكان يلعب دور كبير في تطويرالمدينة \n .بناء الاكواخ مهمة جدا للاعب البارع",
        "id": "building.house"
    },
    "2": {
        "name": "مخزن",
        "func": "{1} مستوى {0} يتسع لحوالي {2} من الموارد",
        "functionDesc": "المخزن هو مكان حفظ الموارد (الغذاء والاخشاب\n والأحجار والحديد). كلما ارتفع مستوى المخزن\n كلما اتسع  للمزيد من الموارد التي يمكن تخزينها\n واخفائها من اللاعبين الاخرين عندما يهاجمون\n مدينتك. احم 30% من موارد مدينتك القصوى\n من الهجوم المحتمل. يمكنك بناء اكثر من مخزن\n في المدينة",
        "desc": "المخزن يكفل ايضا للمواطنين الراحة والامان \n وتعتبر المعيار لتطوير المدن",
        "id": "building.warehouse"
    },
    "3": {
        "name": "ثكنات",
        "func": "{1} مستوى {0} يسرع تجنيد المشاة\n  بمقدار {2}%. تفعيل ذلك والانتظار\n  سوف يسرع حوالي {3}من المقدار \n المعد للتدريب",
        "functionDesc": "الثكنات لتدريب المشاة ورماة السهم وكل  الجنود\n  المدرعين. كلما ارتفع مستوى الثكنات كلما تم\n انجاز المهام التدريبية بسرعة",
        "desc": "الثكناة واحدة من اهم  البنى التحتية للمدينة.يتم \n  فيها معالجة الامور العسكرية القوات تتدرب \n  المواطنين على الحرب لكي يستطيعون الدفاع \n  عن المدينة",
        "id": "building.barrack"
    },
    "4": {
        "name": "اسطبل",
        "func": "{1} مستوى {0} يسرع تدريب الفرسان \n بنسبة {2}%. بتفعيلها  والانتظار سوف يدرب {3}دفعات",
        "functionDesc": "الاسطبل لتدريب الفرسان والجواسيس. كلما ارتفع\n مستوى الاسطبل كلما تم  تدريب الفرسان  بسرعة\n اكبر",
        "desc": "الاسطبل هوالمقر الرئيسي للفرسان.وليس فقط\n مكان لاقامة الخيول وتشمل الاسطبلات ساحات\n تدريب على الفروسية وركوب الخيل وتدريب\n الفرسان لمواجهة اي هجمات  محتملة وكذا\n تدريب الخيول على تحمل  ضوضاء المعارك\n وهدم الهروب من المعارك وبعض الامور\n الاخرى",
        "id": "building.stable"
    },
    "5": {
        "name": "ورشة عمل",
        "func": "\n {1} مستوى {0} يسرع صناعة المنجنيق \n ورماة الحجارة بنسبة {2}%.بتفعيلها  والانتظار \n سوف يدرب {3} دفعات من طلبات الصنع",
        "functionDesc": "لتصنيع معدات الحصار: المنجنيق والمقاليع",
        "desc": "الورشة كانت مهمة جدا في الحروب الرومانية \n لانه كلما تم صنعها بسرعه لكي يتم ارسالها \n للقيام بمختلف المهام",
        "id": "building.workshop"
    },
    "6": {
        "name": "المسرح",
        "func": "{1} مستوى {0} لتجنيد الابطال  وتحديثهم\n  كل {3} دقائق.البطل الذي في المقدمة يخرج\n  من القائمة كبطل جديد في اسفل القائمة\n القائمة تحتوي مجموع {2}من الفرسان المدربين من\n المستوى 1-الى {4}ا",
        "functionDesc": "تجنيد الابطال يتم تحديثه باستمرار.ا \n  لتدريب وتجنيد والحصول على الابطال.ا\n  كلما ارتفه مستوى المسرح كلما تم تجنيد الابطال\n وتدريبهم  بسرعه وبالتالي زاد ثقلك ومكانتك",
        "desc": "المسرح مكان لتعلم المهارات الكثيرة للابطال\n  وهو ايضا مكان للتسلية وللترفيه عن الشعب \n حيث كان يقام في المسارح في العهد الروماني \n الكثير من العروض التي ترفه عن الشعب \n وتنسيهم هموهم وكذا عن طريق المسرح تتنمى \n ثقافة الفرد",
        "id": "building.amphitheatre"
    },
    "7": {
        "name": "مركز",
        "func": "{1} مستوى {0} يمكن ان يمد {2}من الموارد-الغذاء \n والخشب والحجارة والحديد- في كل خط امداد",
        "functionDesc": "المركز يمكنه انشاء جسرالامداد بين المدن \n التابعه لك. كلما ارتفع مستوى الامداد كلما زادت \nكمية الموارد التي استطاع الخط نقلها وايصالها",
        "desc": "المركز يعتبر نقطة التبادل الثقافة والمعلومات \nالعسكرية. وايضا تعتبر خط الامداد اللوجستي \nبين الاماكن",
        "id": "building.dak"
    },
    "8": {
        "name": "الجامعة",
        "func": "{1} مستوى {0} يقلل من المدة الزمنية\n للدراسة بمقدار {2}%. وهذا المستوى\n للجامعة  يتيح لك  دراسة التكنلوجيا\n المتوفرة في المستوى {3}ا",
        "functionDesc": "دراسة تقنية انتاج الموارد والبناء. كلما\n ارتفع المستوى كلما كان وقت التعلم\n اقصر ودراسة المستوايات المتقدمة من\n التقنية ايضا.في الجامعة الواحدة يمكن\n دراسة تقنية واحدة واحدة في مرة واحدة.ا\n تتوزع هذه التقنيات بين المدن التابعه لك\n ولكن الجامعه المحلية يجب ان تصل لنفس\n المستوى من التقنية التي تؤهلها من تعلمها",
        "desc": "الجامعة هي عبارة عن معهد للتعلم والمكان\n الذي يستطيع القاده فيه تعلم المهارات البدائية\n للحكم قبل ان يتولوا المهام التي تسند اليهم.ا\n لكي يتسنى لهم تعلم كل المهارات البسيطة\n وحتى الجسيمة منها لكي يكونوا حكاما\n ناجحين وراشدين. المدينة التي تحتوي على\n جامعة سوف تكون في الطريق الصحيح\n لانها سوف تنتج رجالا متعلمين",
        "id": "building.academy"
    },
    "9": {
        "name": "اكاديمية",
        "func": "\n{1} مستوى {0} يقلل من المدة الزمنية للدراسة\n بمقدار {2}%. وهذا المستوى للاكاديمية  يتيح لك \n دراسة التكنلوجيا المتوفرة في المستوى {3}ا",
        "functionDesc": "تعلم كل الامور العسكرية. كلما ارتقى مستوى \nالاكاديمية كلما كان وقت التعلم اسرع.ا\n وكذا التكنلوجيا المتقدمة يمكن تعلمها ايضا.ا \n في الاكاديمية الواحدة يمكن دراسة تكنلوجيا واحدة \n في المرة الواحدة. توزع هذه التكنلوجيا بين \nالمدن التابعه لك. ولكن الجامعه المحلية يجب \nان تصل لنفس المستوى من التكنلوجيا التي \nتؤهلها من تعلمها",
        "desc": "الاكاديمية هي مكان لتعلم المهارات الاستراتيجية",
        "id": "building.militaryInstitute"
    },
    "10": {
        "name": "دار المساعدة",
        "func": "تسريع بمعدل {0}%ا",
        "functionDesc": "هو مكان طلب المساعدة ومكانها عند الرومان \n يأتي الناس اليها لطلب المساعدات وتقديم \n الاضحيات للحصول على رضا   \n بعض الموارد",
        "desc": "المساعد الاول  يساعدك في تقليل المدة \n الزمنية للبناء في المدينة. المساعد الثاني \n يكثر من عدد المواطنين في المدينة.ا \n المساعد الثالث يقلل المدة الزمنية لبناء \n وتدريب القوات",
        "id": "building.temple"
    },
    "11": {
        "name": "البلازا",
        "func": "{1} مستوى {0} يمكنها ارسال حوالي {2} من الابطال\n في وقت واحد",
        "functionDesc": "ارسال البعثات والامداد, عرض بعثات القوات \n الحامية. اعادة الاتفاقيات. استراجع القوات \n الضائعه ومداواة الجرحى. كلما ارتفع \nالمستوى كلما ازداد عدد الابطال الذين يمكن  \n ارسالهم في وقت واحد",
        "desc": "المكان الذي يتم فيه ادارة القوات في وقت الحرب",
        "id": "building.trainningFeild"
    },
    "12": {
        "name": "القصر",
        "func": "ا{1} مستوى {0} يقصر مدة البناء بمقدار\n ا{2}% ويمكنك ايضا امتلاك على حوالي {3} من\n البراري. وكذا زيادة مخزن السسترسس\n ا{4}  ونسبة {5}% من السسترسس\n التي يمكن حمياتها من الغزو الخارجي",
        "functionDesc": "اعادة ضبط الضريبة و انتاج الموارد. ادارة\n  المدن والبراري. كلما ارتفع المستوى كلما\n  تمت عملية البناء وزادت البراري التي يمكن\n  ان تسيطر عليها والمزيد من العملات  التي\n  يمكنك الحصول عليها، وكذا المزيد من\n  عملات السسترسس يمكن حمايتها من\n  الغزو، يمكن ترقيته الى المستوى 4 او\n  ا8 او 10 يمكنك الحصول على اماكن\n  اخرى للبناء عليها في المدينة",
        "desc": "القصر هو شي مهم في الثقافة الرومانيه\n القديمه. حجم المبنى وكذا الكماليات\n الموجوده فيه مهمة لجذب وابهار منهم\n داخل المدينة. القاعدة الاساسيه هي جمع\n الضرائب وادارة التطور في المدينة. و\nكذا ادارة التجارة بنجاح في الامبراطورية.ا\n القصر يتيح لك البناء اسرع ويعتمد\n بالمقام الاول على وجود اماكن خالية\n يمكن البناء فيها.وكل مايتعلق بالمدينة\n يمكن تطويره، الدين والجيش والاقتصاد",
        "id": "building.townHall"
    },
    "13": {
        "name": "السور",
        "func": "{1} مستوى {0} يمتلك {2} مساحات تحصينية  يتحمل {3}ا",
        "functionDesc": "السور يحمي المدينة. تبنى علية التحصينات \n  مثل نوبات الحراسة  ونصب الكمائن \nالكثيره وكذا الصخور المتساقطه. كلما\n ارتفع مستوى الحصن كلما كان مستوى \nحمايته للمدينة افضل. وكذا بناء المزيد \nمن الدفاعات والتحصينات",
        "desc": "بنوبات الحراسة ستكون اكثر قوة وصلابة.ا\n وكذا الكمائن والاحجار المتساقطه. فعالة جدا\n للتصدي للقوات المعادية مهما كان تنظيمها.ا\n السور المنيع يخدم حتى جمال المدينة \n ومنعتها. يحتاج الوقت لبناء المدينة وبناءه.ا\n في الغالب المدن الغنية او ذات البرستيج\n العالي تحتاج الى التحصين الى هذه\n التحصينات",
        "id": "building.wall"
    },
    "14": {
        "name": "السوق",
        "func": "السوق مستوى{0} يستطيع ارسال {2} من\n الارساليات ويدير {1} من المعاملات التجارية",
        "functionDesc": "السوق يتيح لك التجارة وتسويق الموارد.ومن \n  الموارد يمكنك ايضا مبادلة الموارد بعملات \n  السسترسس اوايضا شراء المواد الزائدة عن \n  حاجتك في السوق. تحت نقل الموارد, يمكنك \n  ارسال الموارد والدعم لاي شخص في اي مدينة \n  من مدنك. كلما ارتفع مستوى السوق كلما اتسعت \n   نسبة التجارة ونقل الموارد المتاحه لك",
        "desc": "تطوير النقل والتجاره,تزدهر بازدها الصفقات \n التجاريه. اذا لم تتمكن من البيع اوالشراء في \n السوق. ربما لانها موقتا لانها ليس لها الاهليه \n اوليست بالمكانه التي تتيح لها ذلك, هذا هو\n مركز عظيم للتجارة في المدينة، والمكان\n الذي يتم تبادل المواد والسلع فيه مع العالم\n الخارجي. وبالطبع يخضع للضريبه",
        "id": "building.market"
    },
    "15": {
        "name": "الورشة",
        "func": "{1} مستوى {0} يمكن انشاء او توظيف \n حوالي {2} وظيفة في الوقت الواحد والطلب الواحد\n وايضا يقلل من مدة التوظيف بمقدار {3} ثانية",
        "functionDesc": "الورشة مهمّة  لإنتاج  الأخشاب والتي تستعمل  \nفي البناء وتعلم في التكنلوجيا وتدريب القوات , والبعثات ايضا\n ا(عمل نوبات الحراسة, تدريب رماة السهم\n  وصناعة المقاليع جميعها تستهلك الاخشاب)ا\n زيادة التوظيف في حراجة الغابات يسرع انتاج\n الاخشاب. الخشب يستخدم في دراسة التقنيات\n والصناعات. كلما ارتفع مستوى الورشة كلما\n استطعت توظيف الكثير من العمال في آن واحد\n وفي الطلب الواحد",
        "desc": "حراج الغابات كان امر هام في العهد القديم\n اذا كان هناك ما يكفي من ورش النجارة حينها\n  لا يهمك التفكير في الدخل كم يكون. حيث ان\n الخشب مهم جدا في البناء وكذا بناء العربات",
        "id": "building.sawmill"
    },
    "16": {
        "name": "الحقل",
        "func": "\n{1} مستوى {0} يمكنه انشاء, في المرة الواحدة\n  حوالي {2}من الوظائف في كل طلب توظيف \n ويقلل من زمن التوظيف بمقدار {3} ثواني",
        "functionDesc": "ينتج المحاصيل الغذائية اللازمة للبناء و\n لدراسة التكنلوجيا,وتدريب القوات والصناعات\n والبعثات. توضيف الكثير من العمال للعمل في\n الحقل يزيد من انتاج المحاصيل. كلما ارتفع\n مستوى الحقل كلما زاد عدد العمال الذين يمكنك\n توظيفهم في الحقل في المرة الواحدة",
        "desc": "تدوير المحاصيل وادارة المهام الاساسية في\n الحقل. بحيث يتم الاعتناء بالحقل باستمرار\n وتبديل واصلاح الاراضي البور كل سنة.ا\n المحصول الغذائي الفائض يحسن الناتج\n ويزيد الصادرات. ويساعد ايضا على\n زيادة السكان. وكذا يمكن استغلال العبيد \n وكاساسيات الزراعة يفضل ان يكون لديك\n محصول وفير",
        "id": "building.farm"
    },
    "17": {
        "name": "منجم الحديد",
        "func": "{1} مستوى {0} يمكنه انشاء او توظيف\n حوالي {2} وظيفة في الوقت الواحد في\n الطلب الواحد.وكذا يقصر مدة التوظيف\n بمقدار {3} ثواني",
        "functionDesc": "منجم الحديد لانتاج الحديد مهم للبناء وتعلم \nالتقنيات وتدريب القوات والصناعة,  وكذا \nالبعثات(تدريب الوحدات العسكرية والصناعات \nيستهلك الكثير من الحديد). توظيف المزيد من\n العمال في منجم الحديد يزيد من انتاج \nالحديد. كلما ارتفع مستوى منجم الحديد كلما \nاستطعت توظيف الكثير من  العمال للعمل في\n منجم الحديد في الوقت الواحد في الدفعه الواحدة",
        "desc": "منجم الحديد احد اهم منتجات الموارد \n في المدينة والمهم استغلال الموارد الطبيعية في \nالمدينة. وعلى الرغم من خطورتها وصعوبة \nاستخراجها لانها قد تودي بحياة الكثير من \nالعمال الا انها مهمة جدا في بناء المدينة \nويفضل البحث عن المناجم التي ليست عميقة \nكثيرا عن سطح الارض",
        "id": "building.ironMine"
    },
    "18": {
        "name": "المحجر",
        "func": "ا{1} مستوى {0} يمكن انشاء او توظيف\n حوالي {2} وظيفة في الوقت الواحد وفي\n الطلب الواحد وكذا تقصير مدة التوظيف\n  الى {3} ثانية في المره الواحده",
        "functionDesc": "لانتاج الاحجار مهم في البناء و تعلم التكنلوجيا \n وتدريب القوات والصناعات وايضا البعثات\n  تطوير دار المساعدة والجدار وصناعة كمائن-الحجارة \n المتساقطة و المنجنيق-كلها تستهلك  الاحجار\n  توظيف الكثير من العمال للعمل في المحجر\n يزيد من انتاج الحجارة. كلماارتفع مستوى\n المحجر كلما استطعنا توظيف الكثير من العمال\n في الوقت الواحد وفي الطلب الواحد",
        "desc": "المحجر هو مصنع العمال والبناء والحصول \nعلى الحجارة بالطرق القديمة قبل اختراع \nالمفجرات والمواد الحديثه التي تساعد في \nالحصول على الحجارة وهو عمل محفوف\n بالمخاطر وهو اصل هذا المجد والمباني الجميلة\n التي في المدينة",
        "id": "building.quarry"
    }
}