{
    "52":{ 
        "1":{
            "army_a":10400,
            "army_b":0,
            "army_c":0,
            "army_d":5200,
            "army_e":0,
            "army_f":0 
        },
        "2":{
            "army_a":10400,
            "army_b":0,
            "army_c":0,
            "army_d":5200,
            "army_e":0,
            "army_f":0 
        },
        "3":{
            "army_a":10400,
            "army_b":0,
            "army_c":0,
            "army_d":5200,
            "army_e":0,
            "army_f":0 
        },
        "4":{
            "army_a":10400,
            "army_b":0,
            "army_c":0,
            "army_d":5200,
            "army_e":0,
            "army_f":0 
        },
        "5":{
            "army_a":31200,
            "army_b":7800,
            "army_c":0,
            "army_d":31200,
            "army_e":0,
            "army_f":0 
        },
        "6":{
            "army_a":11700,
            "army_b":0,
            "army_c":0,
            "army_d":9100,
            "army_e":0,
            "army_f":0 
        },
        "7":{
            "army_a":11700,
            "army_b":0,
            "army_c":0,
            "army_d":9100,
            "army_e":0,
            "army_f":0 
        },
        "8":{
            "army_a":11700,
            "army_b":0,
            "army_c":0,
            "army_d":9100,
            "army_e":0,
            "army_f":0 
        },
        "9":{
            "army_a":11700,
            "army_b":0,
            "army_c":0,
            "army_d":9100,
            "army_e":0,
            "army_f":0 
        },
        "10":{
            "army_a":46800,
            "army_b":7800,
            "army_c":0,
            "army_d":31200,
            "army_e":5850,
            "army_f":0 
        }
        
    },
    "53":{ 
        "1":{
            "army_a":15600,
            "army_b":2600,
            "army_c":0,
            "army_d":10400,
            "army_e":1950,
            "army_f":0 
        },
        "2":{
            "army_a":15600,
            "army_b":2600,
            "army_c":0,
            "army_d":10400,
            "army_e":1950,
            "army_f":0 
        },
        "3":{
            "army_a":15600,
            "army_b":2600,
            "army_c":0,
            "army_d":10400,
            "army_e":1950,
            "army_f":0 
        },
        "4":{
            "army_a":15600,
            "army_b":2600,
            "army_c":0,
            "army_d":10400,
            "army_e":1950,
            "army_f":0 
        },
        "5":{
            "army_a":78000,
            "army_b":23400,
            "army_c":0,
            "army_d":46800,
            "army_e":11700,
            "army_f":0 
        },
        "6":{
            "army_a":20800,
            "army_b":5200,
            "army_c":0,
            "army_d":13000,
            "army_e":1950,
            "army_f":0 
        },
        "7":{
            "army_a":20800,
            "army_b":5200,
            "army_c":0,
            "army_d":13000,
            "army_e":1950,
            "army_f":0 
        },
        "8":{
            "army_a":20800,
            "army_b":5200,
            "army_c":0,
            "army_d":13000,
            "army_e":1950,
            "army_f":0 
        },
        "9":{
            "army_a":20800,
            "army_b":5200,
            "army_c":0,
            "army_d":13000,
            "army_e":1950,
            "army_f":0  
        },
        "10":{
            "army_a":0,
            "army_b":65000,
            "army_c":13000,
            "army_d":0,
            "army_e":32500,
            "army_f":6500 
        }
    },
    "54":{  
        "1":{
            "army_a":0,
            "army_b":22554,
            "army_c":86136,
            "army_d":0,
            "army_e":26922,
            "army_f":0 
        },
        "2":{
            "army_a":0,
            "army_b":22554,
            "army_c":86136,
            "army_d":0,
            "army_e":26922,
            "army_f":0  
        },
        "3":{
            "army_a":0,
            "army_b":22554,
            "army_c":86136,
            "army_d":0,
            "army_e":26922,
            "army_f":0 
        },
        "4":{
            "army_a":0,
            "army_b":22554,
            "army_c":86136,
            "army_d":0,
            "army_e":26922,
            "army_f":0 
        },
        "5":{
            "army_a":0,
            "army_b":67662,
            "army_c":258408,
            "army_d":0,
            "army_e":80766,
            "army_f":0 
        },
        "6":{
            "army_a":0,
            "army_b":0,
            "army_c":108690,
            "army_d":0,
            "army_e":0,
            "army_f":26922 
        },
        "7":{
            "army_a":0,
            "army_b":0,
            "army_c":108690,
            "army_d":0,
            "army_e":0,
            "army_f":26922 
        },
        "8":{
            "army_a":0,
            "army_b":0,
            "army_c":108690,
            "army_d":0,
            "army_e":0,
            "army_f":26922
        },
        "9":{
            "army_a":0,
            "army_b":0,
            "army_c":108690,
            "army_d":0,
            "army_e":0,
            "army_f":26922 
        },
        "10":{
            "army_a":0,
            "army_b":0,
            "army_c":435000,
            "army_d":0,
            "army_e":0,
            "army_f":110000 
        }
    },
    "55":{ 
        "1":{
            "army_a":0,
            "army_b":0,
            "army_c":108690,
            "army_d":0,
            "army_e":0,
            "army_f":26922 
        },
        "2":{
            "army_a":0,
            "army_b":0,
            "army_c":108690,
            "army_d":0,
            "army_e":0,
            "army_f":26922 
        },
        "3":{
            "army_a":0,
            "army_b":0,
            "army_c":108690,
            "army_d":0,
            "army_e":0,
            "army_f":26922 
        },
        "4":{
            "army_a":0,
            "army_b":0,
            "army_c":108690,
            "army_d":0,
            "army_e":0,
            "army_f":26922  
        },
        "5":{
            "army_a":0,
            "army_b":0,
            "army_c":435000,
            "army_d":0,
            "army_e":0,
            "army_f":110000 
        },
        "6":{
            "army_a":0,
            "army_b":0,
            "army_c":188690,
            "army_d":0,
            "army_e":0,
            "army_f":46922 
        },
        "7":{
            "army_a":0,
            "army_b":0,
            "army_c":188690,
            "army_d":0,
            "army_e":0,
            "army_f":46922
        },
        "8":{
            "army_a":0,
            "army_b":0,
            "army_c":188690,
            "army_d":0,
            "army_e":0,
            "army_f":46922 
        },
        "9":{
            "army_a":0,
            "army_b":0,
            "army_c":188690,
            "army_d":0,
            "army_e":0,
            "army_f":46922 
        },
        "10":{
            "army_a":0,
            "army_b":0,
            "army_c":635000,
            "army_d":0,
            "army_e":0,
            "army_f":210000  
        }
    },
    "56":{  
        "1":{
            "army_a":0,
            "army_b":0,
            "army_c":435000,
            "army_d":0,
            "army_e":0,
            "army_f":110000 
        },
        "2":{
            "army_a":486,
            "army_b":0,
            "army_c":0,
            "army_d":392,
            "army_e":0,
            "army_f":0 
        },
        "3":{
            "army_a":486,
            "army_b":0,
            "army_c":0,
            "army_d":392,
            "army_e":0,
            "army_f":0 
        },
        "4":{
            "army_a":486,
            "army_b":0,
            "army_c":0,
            "army_d":392,
            "army_e":0,
            "army_f":0 
        },
        "5":{
            "army_a":486,
            "army_b":0,
            "army_c":0,
            "army_d":392,
            "army_e":0,
            "army_f":0 
        },
        "6":{
            "army_a":486,
            "army_b":0,
            "army_c":0,
            "army_d":392,
            "army_e":0,
            "army_f":0 
        },
        "7":{
            "army_a":486,
            "army_b":0,
            "army_c":0,
            "army_d":392,
            "army_e":0,
            "army_f":0 
        },
        "8":{
            "army_a":486,
            "army_b":0,
            "army_c":0,
            "army_d":392,
            "army_e":0,
            "army_f":0 
        },
        "9":{
            "army_a":486,
            "army_b":0,
            "army_c":0,
            "army_d":392,
            "army_e":0,
            "army_f":0 
        },
        "10":{
            "army_a":486,
            "army_b":0,
            "army_c":0,
            "army_d":392,
            "army_e":0,
            "army_f":0 
        }
    }
}
