{
    "1":{
        "type_1":"army_a",
        "amount_1":10,
        "type_2":"army_d",
        "amount_2":8
    },
    "2":{
        "type_1":"army_a",
        "amount_1":16,
        "type_2":"army_d",
        "amount_2":11
    },
    "3":{
        "type_1":"army_a",
        "amount_1":26,
        "type_2":"army_d",
        "amount_2":18
    },
    "4":{
        "type_1":"army_a",
        "amount_1":38,
        "type_2":"army_d",
        "amount_2":23
    },
    "5":{
        "type_1":"army_a",
        "amount_1":47,
        "type_2":"army_d",
        "amount_2":31
    },
    "6":{
        "type_1":"army_a",
        "amount_1":60,
        "type_2":"army_d",
        "amount_2":36
    },
    "7":{
        "type_1":"army_a",
        "amount_1":70,
        "type_2":"army_d",
        "amount_2":44
    },
    "8":{
        "type_1":"army_a",
        "amount_1":81,
        "type_2":"army_d",
        "amount_2":10
    },
    "9":{
        "type_1":"army_a",
        "amount_1":91,
        "type_2":"army_d",
        "amount_2":59
    },
    "10":{
        "type_1":"army_a",
        "amount_1":110,
        "type_2":"army_d",
        "amount_2":98
    },
    "11":{
        "type_1":"army_a",
        "amount_1":190,
        "type_2":"army_e",
        "amount_2":54
    },
    "12":{
        "type_1":"army_a",
        "amount_1":271,
        "type_2":"army_e",
        "amount_2":54
    },
    "13":{
        "type_1":"army_a",
        "amount_1":350,
        "type_2":"army_e",
        "amount_2":72
    },
    "14":{
        "type_1":"army_a",
        "amount_1":427,
        "type_2":"army_e",
        "amount_2":88
    },
    "15":{
        "type_1":"army_a",
        "amount_1":509,
        "type_2":"army_e",
        "amount_2":104
    },
    "16":{
        "type_1":"army_a",
        "amount_1":589,
        "type_2":"army_e",
        "amount_2":19
    },
    "17":{
        "type_1":"army_a",
        "amount_1":666,
        "type_2":"army_e",
        "amount_2":137
    },
    "18":{
        "type_1":"army_a",
        "amount_1":745,
        "type_2":"army_e",
        "amount_2":153
    },
    "19":{
        "type_1":"army_a",
        "amount_1":824,
        "type_2":"army_e",
        "amount_2":168
    },
    "20":{
        "type_1":"army_a",
        "amount_1":9003,
        "type_2":"army_e",
        "amount_2":185
    },
    "21":{
        "type_1":"army_b",
        "amount_1":787,
        "type_2":"army_e",
        "amount_2":1093
    },
    "22":{
        "type_1":"army_b",
        "amount_1":1381,
        "type_2":"army_e",
        "amount_2":1920
    },
    "23":{
        "type_1":"army_b",
        "amount_1":1976,
        "type_2":"army_e",
        "amount_2":2747 
    },
    "24":{
        "type_1":"army_b",
        "amount_1":2570,
        "type_2":"army_e",
        "amount_2":3573
    },
    "25":{
        "type_1":"army_b",
        "amount_1":3163,
        "type_2":"army_e",
        "amount_2":4400
    },
    "26":{
        "type_1":"army_b",
        "amount_1":3759,
        "type_2":"army_e",
        "amount_2":5227
    },
    "27":{
        "type_1":"army_b",
        "amount_1":4352,
        "type_2":"army_e",
        "amount_2":6053
    },
    "28":{
        "type_1":"army_b",
        "amount_1":4948,
        "type_2":"army_e",
        "amount_2":6880
    },
    "29":{
        "type_1":"army_b",
        "amount_1":5541,
        "type_2":"army_e",
        "amount_2":7707
    },
    "30":{
        "type_1":"army_b",
        "amount_1":5541,
        "type_2":"army_e",
        "amount_2":7707
    },
    "31":{
        "type_1":"army_b",
        "amount_1":6719,
        "type_2":"army_f",
        "amount_2":1938
    },
    "32":{
        "type_1":"army_b",
        "amount_1":5153,
        "type_2":"army_f",
        "amount_2":1477
    },
    "33":{
        "type_1":"army_b",
        "amount_1":5583,
        "type_2":"army_f",
        "amount_2":1602
    },
    "34":{
        "type_1":"army_b",
        "amount_1":6013,
        "type_2":"army_f",
        "amount_2":1725
    },
    "35":{
        "type_1":"army_b",
        "amount_1":6442,
        "type_2":"army_f",
        "amount_2":1847
    },
    "36":{
        "type_1":"army_b",
        "amount_1":6872,
        "type_2":"army_f",
        "amount_2":1972
    },
    "37":{
        "type_1":"army_b",
        "amount_1":7301,
        "type_2":"army_f",
        "amount_2":2217
    },
    "38":{
        "type_1":"army_b",
        "amount_1":7731,
        "type_2":"army_f",
        "amount_2":2217
    },
    "39":{
        "type_1":"army_b",
        "amount_1":8160,
        "type_2":"army_f",
        "amount_2":2342
    },
    "40":{
        "type_1":"army_b",
        "amount_1":8588,
        "type_2":"army_f",
        "amount_2":2465
    },
    "41":{
        "type_1":"army_a",
        "amount_1":8295,
        "type_2":"army_f",
        "amount_2":4192
    },
    "42":{
        "type_1":"army_c",
        "amount_1":8295,
        "type_2":"army_f",
        "amount_2":4192
    },
    "43":{
        "type_1":"army_c",
        "amount_1":11712,
        "type_2":"army_f",
        "amount_2":5919
    },
    "44":{
        "type_1":"army_c",
        "amount_1":18544,
        "type_2":"army_f",
        "amount_2":9371
    },
    "45":{
        "type_1":"army_c",
        "amount_1":21959,
        "type_2":"army_f",
        "amount_2":11098
    },
    "46":{
        "type_1":"army_c",
        "amount_1":25376,
        "type_2":"army_f",
        "amount_2":12824
    },
    "47":{
        "type_1":"army_c",
        "amount_1":28762,
        "type_2":"army_f",
        "amount_2":14551
    },
    "48":{
        "type_1":"army_c",
        "amount_1":32208,
        "type_2":"army_f",
        "amount_2":16276
    },
    "49":{
        "type_1":"army_c",
        "amount_1":35625,
        "type_2":"army_f",
        "amount_2":18003
    },
    "50":{
        "type_1":"army_c",
        "amount_1":35625,
        "type_2":"army_f",
        "amount_2":18003
    }
}
