{
    "0":{
    
    
    },
    "1":{
        "image": "images/workshop.png",   
        "title": "كوخ",
        "lvl_req":[
            {"food":61,     "wood":276,     "stone":40,     "metal":59},
            {"food":179,    "wood":804,     "stone":116,    "metal":174},
            {"food":486,    "wood":2190,    "stone":315,    "metal":467},
            {"food":1278,   "wood":5704,    "stone":824,    "metal":1220},
            {"food":3214,   "wood":14266,   "stone":2066,   "metal":3070},
            {"food":7810,   "wood":34428,   "stone":4996,   "metal":7449},
            {"food":17594,  "wood":76913,   "stone":11194,  "metal":16733},
            {"food":38873,  "wood":168028,  "stone":24549,  "metal":36829},
            {"food":84196,  "wood":359442,  "stone":52728,  "metal":79444},
            {"food":179046, "wood":753480,  "stone":111066, "metal":168126},
            {"food":179107, "wood":753756,  "stone":111106, "metal":168185},
            {"food":179225, "wood":754284,  "stone":111182, "metal":168300},
            {"food":179532, "wood":755670,  "stone":111381, "metal":168593},
            {"food":180324, "wood":759184,  "stone":111890, "metal":169346},
            {"food":182260, "wood":767746,  "stone":113132, "metal":171196},
            {"food":186856, "wood":787908,  "stone":116062, "metal":175575},
            {"food":196640, "wood":830393,  "stone":122260, "metal":184859},
            {"food":217919, "wood":921508,  "stone":135615, "metal":204955},
            {"food":263242, "wood":1112922, "stone":163793, "metal":247570},
            {"food":358092, "wood":1506960, "stone":222132, "metal":336252},
            {"food":358153, "wood":1507236, "stone":222172, "metal":336311},
            {"food":358271, "wood":1507764, "stone":222248, "metal":336426},
            {"food":358578, "wood":1509150, "stone":222447, "metal":336719},
            {"food":359370, "wood":1512664, "stone":222956, "metal":337472},
            {"food":361306, "wood":1521226, "stone":224198, "metal":339322},
            {"food":365902, "wood":1541388, "stone":227128, "metal":343701},
            {"food":375686, "wood":1583873, "stone":233326, "metal":352985},
            {"food":396965, "wood":1674988, "stone":246681, "metal":373081},
            {"food":442288, "wood":1866402, "stone":274859, "metal":415696},
            {"food":537138, "wood":2260440, "stone":333198, "metal":504378}
        ],
        "time_req":[300,300,1200,2659,9533,14236,20315,25216,32367,36000,
            40006,45236,46500,53160,64600,74582,75000,75800,76120,81800,
            83680,85152,88925,89536,90665,91250,91254,93936,94533
        ]
    },
    "2":{ 
        "title": "مخزن",
        "lvl_req":[
            {"food":61,     "wood":828,     "stone":318,     "metal":294},
            {"food":179,    "wood":2408,    "stone":924,     "metal":855},
            {"food":486,    "wood":6574,    "stone":2530,    "metal":2342},
            {"food":1278,   "wood":17116,   "stone":6593,    "metal":6109},
            {"food":3214,   "wood":42792,   "stone":16518,   "metal":15346},
            {"food":7810,   "wood":103294,  "stone":39972,   "metal":37235},
            {"food":17594,  "wood":230726,  "stone":89551,   "metal":83669},
            {"food":38873,  "wood":504085,  "stone":196357,  "metal":184129},
            {"food":84196,  "wood":1078314, "stone":421812,  "metal":397180},
            {"food":179046, "wood":2260458, "stone":888480,  "metal":840600},
            {"food":179107, "wood":2261286, "stone":888798,  "metal":840894},
            {"food":179225, "wood":2262866, "stone":999404,  "metal":841455},
            {"food":179532, "wood":2267032, "stone":891010,  "metal":842942},
            {"food":190324, "wood":2277574, "stone":895073,  "metal":846709},
            {"food":182260, "wood":2303250, "stone":904998,  "metal":855946},
            {"food":186856, "wood":2263752, "stone":928452,  "metal":877835},
            {"food":196640, "wood":2491184, "stone":978031,  "metal":924269},
            {"food":247919, "wood":2764543, "stone":1084837, "metal":1024729},
            {"food":263242, "wood":3338772, "stone":1310292, "metal":1277860},
            {"food":358092, "wood":4520916, "stone":1776960, "metal":1681200},
            {"food":358153, "wood":4521744, "stone":1777278, "metal":1681494},
            {"food":358271, "wood":4523324, "stone":1777884, "metal":1682055},
            {"food":358578, "wood":4527490, "stone":1779460, "metal":1683542},
            {"food":359370, "wood":4538032, "stone":1783553, "metal":1687309},
            {"food":361306, "wood":4563708, "stone":1793478, "metal":1696546},
            {"food":368902, "wood":4624210, "stone":1816932, "metal":1718435},
            {"food":375686, "wood":4751642, "stone":1866511, "metal":1764849},
            {"food":396965, "wood":5025001, "stone":1973317, "metal":1865329},
            {"food":442288, "wood":5599230, "stone":2198772, "metal":2078380},
            {"food":537138, "wood":6781374, "stone":2665440, "metal":2521800}
        ],
        "time_req":[300,800,1500,2959,9933,15236,21015,24216,34367,38000,
            43006,45236,49500,54160,66600,73582,75000,77800,78120,81800,
            83680,85152,86925,88536,89965,92250,93854,94936,96533,98533
        ]
    },
    "3":{
    
        
        "image": "images/workshop.png",   
        "title": "ثكنات",
        "lvl_req":[
            {"food":490,     "wood":662,     "stone":478,     "metal":588},
            {"food":1422,    "wood":1925,    "stone":1387,    "metal":1708},
            {"food":3907,    "wood":5261,    "stone":3794,    "metal":4682},
            {"food":10208,   "wood":13691,   "stone":9891,    "metal":12229},
            {"food":25678,   "wood":34238,   "stone":24776,   "metal":30694},
            {"food":62462,   "wood":82641,   "stone":59957,   "metal":74457},
            {"food":140808,  "wood":184591,  "stone":134328,  "metal":167340},
            {"food":310976,  "wood":403270,  "stone":294544,  "metal":368246},
            {"food":673630,  "wood":862652,  "stone":632722,  "metal":794374},
            {"food":1432446, "wood":1808370, "stone":1332729, "metal":1681215},
            {"food":1432936, "wood":1809032, "stone":1333207, "metal":1681830},
            {"food":1433868, "wood":1810295, "stone":1334116, "metal":1682923},
            {"food":1436353, "wood":1813631, "stone":1336523, "metal":1685897},
            {"food":1442654, "wood":1822061, "stone":1342620, "metal":1693444},
            {"food":1458124, "wood":1842608, "stone":1357505, "metal":1711919},
            {"food":1494908, "wood":1891011, "stone":1392686, "metal":1755682},
            {"food":1573254, "wood":1992961, "stone":1467057, "metal":1848555},
            {"food":1743419, "wood":2211640, "stone":1627273, "metal":2049461},
            {"food":2106076, "wood":2671022, "stone":1965451, "metal":2475589},
            {"food":2864892, "wood":3616740, "stone":2665458, "metal":3362430},
            {"food":2865382, "wood":3617402, "stone":2665936, "metal":3363018},
            {"food":2866314, "wood":3618665, "stone":2666845, "metal":3364138},
            {"food":2868799, "wood":3622001, "stone":2669252, "metal":3367112},
            {"food":2875100, "wood":3630431, "stone":2675349, "metal":3374659},
            {"food":2890570, "wood":3650978, "stone":2690234, "metal":3393124},
            {"food":2927354, "wood":3699381, "stone":2725415, "metal":3436887},
            {"food":3005700, "wood":3801331, "stone":2799786, "metal":3529770},
            {"food":3175865, "wood":4020010, "stone":2960002, "metal":3730676},
            {"food":3538522, "wood":4479392, "stone":3298180, "metal":4156804},
            {"food":4297338, "wood":5425110, "stone":3998187, "metal":5043645}
        ],
        "time_req":[300,300,1200,2659,9533,14236,20315,25216,32367,36000,
            40006,45236,46500,53160,64600,74582,75000,75800,76120,81800,
            83680,85152,88925,89536,90665,91250,91254,93936,94533,96533
        ]
    },
    "4":{ 
        "title": "اسطبل",
        "icon": "images/building/building01.jpg",
        
        "lvl_req":[
            
            {"food":734,     "wood":1104,    "stone":254,     "metal":588},
            {"food":2138,    "wood":3207,    "stone":739,     "metal":1708},
            {"food":5856,    "wood":8768,    "stone":2024,    "metal":4682},
            {"food":15320,   "wood":2282,    "stone":5274,    "metal":12229},
            {"food":38520,   "wood":57058,   "stone":13212,   "metal":30694},
            {"food":93687,   "wood":137733,  "stone":31979,   "metal":74457},
            {"food":211210,  "wood":307639,  "stone":71640,   "metal":167340},
            {"food":466461,  "wood":672116,  "stone":15709,   "metal":368246},
            {"food":1010444, "wood":1437755, "stone":337453,  "metal":794374},
            {"food":2148672, "wood":3013938, "stone":710787,  "metal":1681215},
            {"food":2149406, "wood":3015042, "stone":711041,  "metal":1681803},
            {"food":2150810, "wood":3017145, "stone":711526,  "metal":1682923},
            {"food":2154528, "wood":3022706, "stone":712811,  "metal":1685897},
            {"food":2163992, "wood":3036766, "stone":716061,  "metal":1693444},
            {"food":2187192, "wood":3070996, "stone":723999,  "metal":1711909},
            {"food":2242359, "wood":3151671, "stone":742766,  "metal":1755672},
            {"food":2359882, "wood":3321577, "stone":782427,  "metal":1848555},
            {"food":2615133, "wood":3686045, "stone":867876,  "metal":2049461},
            {"food":3159116, "wood":4451693, "stone":1048240, "metal":2475589},
            {"food":2497344, "wood":6027876, "stone":1421574, "metal":3362430},
            {"food":4298078, "wood":6028980, "stone":1421828, "metal":3363018},
            {"food":4299482, "wood":6031083, "stone":1422313, "metal":3364138},
            {"food":4303200, "wood":6036644, "stone":1423598, "metal":3367122},
            {"food":4312664, "wood":6050704, "stone":1426848, "metal":3374659},
            {"food":4335864, "wood":6084934, "stone":1434786, "metal":3393124},
            {"food":4391031, "wood":6165609, "stone":1453553, "metal":3436887},
            {"food":4508554, "wood":6335515, "stone":1493214, "metal":3529770},
            {"food":4763805, "wood":6699652, "stone":1578663, "metal":3730676},
            {"food":5037788, "wood":7465631, "stone":1759027, "metal":4156804},
            {"food":6446016, "wood":9041814, "stone":2132361, "metal":5043645}
        ],
        "time_req":[300,300,1300,2759,9833,15236,21015,23216,33367,37000,
            42006,44236,47500,54160,65600,72582,73000,76800,74120,79800,
            80680,81152,85925,87536,88665,90250,90854,91936,93533,94263
        ]
    },
    "5":{
        "title": "ورشة عمل",
        "lvl_req":[
            {"food":276,     "wood":828,     "stone":160,     "metal":882},
            {"food":801,     "wood":2408,    "stone":463,     "metal":2565},
            {"food":2200,    "wood":6574,    "stone":1264,    "metal":7024},
            {"food":5742,    "wood":17116,   "stone":3298,    "metal":18338},
            {"food":14448,   "wood":42792,   "stone":8256,    "metal":46040},
            {"food":35130,   "wood":103294,  "stone":19985,   "metal":111692},
            {"food":79207,   "wood":230726,  "stone":44777,   "metal":251009},
            {"food":174928,  "wood":504085,  "stone":98179,   "metal":552375},
            {"food":378921,  "wood":1078314, "stone":210910,  "metal":1191554},
            {"food":805749,  "wood":2260458, "stone":444240,  "metal":2521815},
            {"food":806025,  "wood":2261286, "stone":444400,  "metal":2522697},
            {"food":806550,  "wood":2262866, "stone":444703,  "metal":2524380},
            {"food":807949,  "wood":2267032, "stone":445504,  "metal":2528839},
            {"food":811491,  "wood":2277574, "stone":447538,  "metal":2540153},
            {"food":820197,  "wood":2332530, "stone":452496,  "metal":2567855},
            {"food":840879,  "wood":2363852, "stone":464225,  "metal":2633507},
            {"food":8849596, "wood":2491184, "stone":489017,  "metal":2772824},
            {"food":9806737, "wood":2764543, "stone":452419,  "metal":3074190},
            {"food":1184670, "wood":3338772, "stone":655150,  "metal":3713369},
            {"food":1611498, "wood":4520916, "stone":888480,  "metal":5043630},
            {"food":1611774, "wood":4521744, "stone":888640,  "metal":5044512},
            {"food":1612299, "wood":4523324, "stone":888943,  "metal":5046195},
            {"food":1613698, "wood":4527490, "stone":889744,  "metal":5050654},
            {"food":1617240, "wood":4538032, "stone":891778,  "metal":5061969},
            {"food":1625946, "wood":4563708, "stone":896736,  "metal":5089670},
            {"food":1646628, "wood":4624210, "stone":608465,  "metal":5155322},
            {"food":1690705, "wood":4751642, "stone":933257,  "metal":5294639},
            {"food":1786426, "wood":5025001, "stone":986659,  "metal":5596005},
            {"food":1990419, "wood":5599230, "stone":1099390, "metal":6235184},
            {"food":2417247, "wood":6783174, "stone":1332720, "metal":7565445}
        ],
        "time_req":[300,800,1500,2959,9933,15236,21015,24216,34367,38000,
            43006,45236,49500,54160,66600,73582,75000,77800,78120,82800,
            84680,86152,88925,92536,95965,98250,100854,102936,116533,121533
        ]
    },
    "6":{
    
        
        "image": "images/workshop.png",   
        "title": "مسرح",
        "lvl_req":[
            {"food":245,     "wood":1380,     "stone":636,     "metal":412},
            {"food":711,     "wood":4011,     "stone":1848,    "metal":1198},
            {"food":1954,    "wood":10958,    "stone":5058,    "metal":3277},
            {"food":5105,    "wood":28530,    "stone":13189,   "metal":8559},
            {"food":12844,   "wood":71324,    "stone":33032,   "metal":2144},
            {"food":31225,   "wood":172161,   "stone":79941,   "metal":52122},
            {"food":70404,   "wood":384552,   "stone":179105,  "metal":117132},
            {"food":155488,  "wood":460143,   "stone":392722,  "metal":257774},
            {"food":336815,  "wood":1798197,  "stone":843632,  "metal":556066},
            {"food":716223,  "wood":3767433,  "stone":1776969, "metal":1176855},
            {"food":716468,  "wood":3768813,  "stone":1777605, "metal":1177267},
            {"food":716934,  "wood":3771444,  "stone":1778817, "metal":1178053},
            {"food":718177,  "wood":3778391,  "stone":1782027, "metal":1180132},
            {"food":721328,  "wood":3795963,  "stone":1790158, "metal":1185414},
            {"food":729067,  "wood":3838757,  "stone":1810001, "metal":1198339},
            {"food":747448,  "wood":3939594,  "stone":1856910, "metal":1228977},
            {"food":786627,  "wood":4151985,  "stone":1956074, "metal":1293987},
            {"food":781711,  "wood":4607576,  "stone":2169691, "metal":1434629},
            {"food":1053038, "wood":5564630,  "stone":2620601, "metal":1732921},
            {"food":1432446, "wood":7534866,  "stone":3553938, "metal":2353710},
            {"food":1432691, "wood":7536264,  "stone":3554574, "metal":2354122},
            {"food":1433157, "wood":7538877,  "stone":3555786, "metal":2354908},
            {"food":1434400, "wood":7545824,  "stone":3558996, "metal":2356987},
            {"food":1437551, "wood":7563396,  "stone":3567127, "metal":2362296},
            {"food":1445290, "wood":7606190,  "stone":3586970, "metal":2375194},
            {"food":1463671, "wood":7707027,  "stone":3633879, "metal":2405832},
            {"food":1502850, "wood":7919418,  "stone":3733043, "metal":2470842},
            {"food":1587934, "wood":8375009,  "stone":3946660, "metal":2611484},
            {"food":1769261, "wood":9332063,  "stone":4397570, "metal":2909776},
            {"food":2148669, "wood":11302299, "stone":5330907, "metal":3530565}
        ],
        "time_req":[300,300,1300,2759,9833,15236,21015,23216,33367,37000,
            42006,44236,47500,54160,65600,72582,73000,76800,74120,79800,
            80680,81152,85925,87536,88665,90250,90854,91936,93533,94533
        ]
    },
    "7":{
    
        
        "image": "images/workshop.png",   
        "title": "مركز",
        "lvl_req":[
            {"food":918,     "wood":2760,     "stone":1432,     "metal":294},
            {"food":2668,    "wood":8018,     "stone":4158,     "metal":855},
            {"food":7323,    "wood":21917,    "stone":11379,    "metal":2342},
            {"food":19147,   "wood":57058,    "stone":29669,    "metal":6109},
            {"food":48150,   "wood":142648,   "stone":74326,    "metal":15346},
            {"food":117115,  "wood":344333,   "stone":179868,   "metal":37235},
            {"food":264005,  "wood":769106,   "stone":402991,   "metal":83669},
            {"food":583076,  "wood":1680484,  "stone":883620,   "metal":184129},
            {"food":1263049, "wood":3594399,  "stone":1898165,  "metal":397180},
            {"food":2685831, "wood":7834851,  "stone":3998175,  "metal":804600},
            {"food":2686749, "wood":7537611,  "stone":3999607,  "metal":840894},
            {"food":2688499, "wood":7542869,  "stone":4002333,  "metal":841455},
            {"food":2693154, "wood":7556768,  "stone":4009554,  "metal":842942},
            {"food":2704978, "wood":7591909,  "stone":4027844,  "metal":846709},
            {"food":2733981, "wood":7677499,  "stone":4072501,  "metal":855946},
            {"food":2802946, "wood":7879184,  "stone":4178043,  "metal":877835},
            {"food":2949836, "wood":8303957,  "stone":4401166,  "metal":924269},
            {"food":3268907, "wood":9215135,  "stone":4881795,  "metal":1024729},
            {"food":3948880, "wood":11129250, "stone":5896340,  "metal":1237780},
            {"food":5371662, "wood":15069708, "stone":7996350,  "metal":1681200},
            {"food":5372580, "wood":15072462, "stone":7997782,  "metal":1681494},
            {"food":5374330, "wood":15077720, "stone":8000508,  "metal":1682055},
            {"food":5378985, "wood":15091619, "stone":8007729,  "metal":1683542},
            {"food":5390809, "wood":15126760, "stone":8026019,  "metal":1687309},
            {"food":5419812, "wood":15212350, "stone":8070676,  "metal":1696541},
            {"food":5488777, "wood":15414035, "stone":8716218,  "metal":1718435},
            {"food":5635667, "wood":15838808, "stone":8399341,  "metal":1764869},
            {"food":5954738, "wood":16749986, "stone":8879970,  "metal":1865329},
            {"food":6634711, "wood":18664101, "stone":9894515,  "metal":2078380},
            {"food":8057493, "wood":22604553, "stone":11994525, "metal":2521800}
        ],
        "time_req":[300,800,1500,2959,9933,15236,21015,24216,34367,38000,
            43006,45236,49500,54160,66600,73582,75000,77800,78120,82800,
            84680,86152,88925,92536,95965,98250,100854,102936,116533,118533
        ]
    },
    "8":{
    
        
        "image": "images/workshop.png",   
        "title": "جامعة",
        "lvl_req":[
            {"food":73,     "wood":1380,     "stone":478,     "metal":118},
            {"food":214,    "wood":4011,     "stone":1378,    "metal":342},
            {"food":589,    "wood":10958,    "stone":3794,    "metal":939},
            {"food":1535,   "wood":28530,    "stone":9891,    "metal":2448},
            {"food":3856,   "wood":71324,    "stone":24776,   "metal":6138},
            {"food":9370,   "wood":172161,   "stone":59957,   "metal":14887},
            {"food":21115,  "wood":384552,   "stone":134328,  "metal":33463},
            {"food":46647,  "wood":840143,   "stone":294544,  "metal":73645},
            {"food":101044, "wood":1797197,  "stone":632722,  "metal":158896},
            {"food":214866, "wood":3767433,  "stone":1332729, "metal":336237},
            {"food":214939, "wood":3768831,  "stone":1333207, "metal":336355},
            {"food":215080, "wood":3771444,  "stone":1334116, "metal":336579},
            {"food":215455, "wood":3778391,  "stone":1336523, "metal":337166},
            {"food":218722, "wood":3838757,  "stone":1357505, "metal":342375},
            {"food":218722, "wood":3838757,  "stone":1357505, "metal":342375},
            {"food":224236, "wood":3939594,  "stone":1392686, "metal":351124},
            {"food":235981, "wood":4151985,  "stone":1667057, "metal":369700},
            {"food":261513, "wood":4607576,  "stone":1627273, "metal":409882},
            {"food":315910, "wood":5564630,  "stone":1965451, "metal":495106},
            {"food":429732, "wood":7534866,  "stone":2665458, "metal":672474},
            {"food":429805, "wood":7536246,  "stone":2665936, "metal":672592},
            {"food":430321, "wood":7538877,  "stone":2666845, "metal":672816},
            {"food":431267, "wood":7545824,  "stone":2669252, "metal":673413},
            {"food":433588, "wood":7563396,  "stone":2675349, "metal":674922},
            {"food":439102, "wood":7606190,  "stone":2690234, "metal":678612},
            {"food":450847, "wood":7707027,  "stone":2725415, "metal":687361},
            {"food":476379, "wood":7919418,  "stone":2799786, "metal":705937},
            {"food":530776, "wood":9332063,  "stone":2960002, "metal":746119},
            {"food":530776, "wood":9332063,  "stone":2960002, "metal":746119},
            {"food":644598, "wood":11302299, "stone":3298180, "metal":831343}
        ],
        "time_req":[300,800,1500,2959,9933,15236,21015,24216,34367,38000,
            43006,45236,49500,54160,66600,73582,75000,77800,78120,82800,
            84680,86152,88925,92536,95965,98250,100854,102936,116533,121111
        ]
    },
    "9":{
    
        
        "image": "images/workshop.png",   
        "title": "اكاديمية",
        "lvl_req":[
            {"food":306,     "wood":662,     "stone":636,     "metal":882},
            {"food":892,     "wood":2059,    "stone":1848,    "metal":2565},
            {"food":2440,    "wood":5957,    "stone":5058,    "metal":7013},
            {"food":6361,    "wood":16236,   "stone":13189,   "metal":18290},
            {"food":15974,   "wood":42012,   "stone":33032,   "metal":45812},
            {"food":38752,   "wood":103719,  "stone":79941,   "metal":110862},
            {"food":87086,   "wood":243055,  "stone":179105,  "metal":248381},
            {"food":191636,  "wood":510001,  "stone":392722,  "metal":544627},
            {"food":413389,  "wood":1073750, "stone":843632,  "metal":1169938},
            {"food":874908,  "wood":2184861, "stone":1776969, "metal":2464290},
            {"food":875214,  "wood":2185523, "stone":1777605, "metal":2465172},
            {"food":875807,  "wood":2186920, "stone":1778817, "metal":2466855},
            {"food":877348,  "wood":2190818, "stone":1782027, "metal":2471303},
            {"food":881419,  "wood":2201097, "stone":1790158, "metal":2510102},
            {"food":890882,  "wood":2226873, "stone":1810001, "metal":2575152},
            {"food":913661,  "wood":2288580, "stone":1856910, "metal":2712671},
            {"food":961994,  "wood":2418916, "stone":1956074, "metal":3008917},
            {"food":1066554, "wood":2694867, "stone":2169691, "metal":3634228},
            {"food":1288297, "wood":3258611, "stone":2620601, "metal":4928580},
            {"food":1749816, "wood":4369722, "stone":3553938, "metal":4929462},
            {"food":1750122, "wood":4370384, "stone":3554574, "metal":4931145},
            {"food":1750708, "wood":4371781, "stone":3555786, "metal":4935593},
            {"food":1752256, "wood":4375679, "stone":3558996, "metal":4946870},
            {"food":1756177, "wood":4385958, "stone":3567127, "metal":4974392},
            {"food":1765790, "wood":4411734, "stone":3586970, "metal":5039442},
            {"food":1788569, "wood":4473441, "stone":3633879, "metal":5176961},
            {"food":1836902, "wood":4603777, "stone":3733043, "metal":5473207},
            {"food":1941462, "wood":4879728, "stone":3946660, "metal":6098518},
            {"food":2163205, "wood":5444372, "stone":4397570, "metal":7392870},
            {"food":2624724, "wood":6554583, "stone":5330907, "metal":8569221}
        ],
        "time_req":[300,800,1500,2959,9933,15236,21015,24216,34367,38000,
            43006,45236,49500,54160,66600,73582,75000,77800,78120,82800,
            84680,86152,88925,92536,95965,98250,100854,102936,116533,126533
        ]
    },
    "10":{
    
        
        "image": "images/workshop.png",   
        "title": "دار المساعدة",
        "lvl_req":[
            
            {"food":3060,     "wood":2760,     "stone":3180,     "metal":2940},
            {"food":8568,     "wood":7728,     "stone":8904,     "metal":8232},
            {"food":22848,    "wood":20608,    "stone":23744,    "metal":21952},
            {"food":58752,    "wood":52992,    "stone":61056,    "metal":56448},
            {"food":146880,   "wood":132480,   "stone":152640,   "metal":141120},
            {"food":359040,   "wood":323840,   "stone":373120,   "metal":344960},
            {"food":822528,   "wood":741888,   "stone":854784,   "metal":790272},
            {"food":1867008,  "wood":1683968,  "stone":1940224,  "metal":1793792},
            {"food":4204032,  "wood":3791872,  "stone":4368896,  "metal":4039168},
            {"food":9400320,  "wood":8478720,  "stone":9768960,  "metal":9031680},
            {"food":9403380,  "wood":8481480,  "stone":9772140,  "metal":9034620},
            {"food":9408888,  "wood":8486448,  "stone":9777864,  "metal":9039912},
            {"food":9423168,  "wood":8499328,  "stone":9792704,  "metal":9053632},
            {"food":9459072,  "wood":8531712,  "stone":9830016,  "metal":9088128},
            {"food":9547200,  "wood":8611200,  "stone":9921600,  "metal":9172800},
            {"food":9759360,  "wood":8802560,  "stone":10142080, "metal":9376640},
            {"food":12000848, "wood":9220608,  "stone":10627440, "metal":9821952},
            {"food":11267326, "wood":1016288,  "stone":11709184, "metal":10825472},
            {"food":13604352, "wood":12270592, "stone":14137856, "metal":12270592},
            {"food":18800640, "wood":16957440, "stone":19537920, "metal":18063360},
            {"food":18803700, "wood":16960200, "stone":19541100, "metal":18066300},
            {"food":18809208, "wood":16965168, "stone":19546824, "metal":18071592},
            {"food":18823488, "wood":16978048, "stone":19561664, "metal":18085312},
            {"food":18859392, "wood":17010432, "stone":19598976, "metal":18119808},
            {"food":18947520, "wood":17089920, "stone":19690560, "metal":18204480},
            {"food":19159680, "wood":17281280, "stone":19911040, "metal":18408320},
            {"food":19623168, "wood":17699328, "stone":20392704, "metal":18853632},
            {"food":20667648, "wood":18641408, "stone":21478144, "metal":19857152},
            {"food":23004672, "wood":20749312, "stone":23906816, "metal":22102528},
            {"food":28200960, "wood":25436160, "stone":29306880, "metal":27095040}
        ],
        "time_req":[300,1100,1800,3259,10933,17236,22015,27216,36367,40000,
            46006,48236,51500,56160,64600,76582,78000,80800,88120,92800,
            96680,99152,100925,112536,125965,148250,140854,162936,186533,196533
        ]
    },
    "11":{
    
        
        "image": "images/workshop.png",   
        "title": "البلازة",
        "lvl_req":[
            
            {"food":61,     "wood":331,     "stone":631,     "metal":89},
            {"food":179,    "wood":962,     "stone":1848,    "metal":255},
            {"food":486,    "wood":2627,    "stone":5058,    "metal":702},
            {"food":1278,   "wood":6849,    "stone":13189,   "metal":1834},
            {"food":3214,   "wood":17114,   "stone":33032,   "metal":4604},
            {"food":7810,   "wood":41320,   "stone":79941,   "metal":11167},
            {"food":17594,  "wood":92294,   "stone":179105,  "metal":25104},
            {"food":38873,  "wood":201630,  "stone":392722,  "metal":55245},
            {"food":84196,  "wood":431326,  "stone":843632,  "metal":119157},
            {"food":179046, "wood":904176,  "stone":1776969, "metal":252180},
            {"food":179107, "wood":904570,  "stone":1777605, "metal":252269},
            {"food":179225, "wood":905138,  "stone":1778817, "metal":252435},
            {"food":179532, "wood":906803,  "stone":1782027, "metal":252882},
            {"food":180324, "wood":911025,  "stone":1790158, "metal":254014},
            {"food":182260, "wood":921290,  "stone":1810001, "metal":256784},
            {"food":186856, "wood":945496,  "stone":1856910, "metal":263347},
            {"food":196640, "wood":996470,  "stone":1956074, "metal":277284},
            {"food":217919, "wood":1105806, "stone":2169691, "metal":307425},
            {"food":263242, "wood":1335502, "stone":2606021, "metal":371337},
            {"food":358092, "wood":1808352, "stone":3553938, "metal":504449},
            {"food":358153, "wood":1808683, "stone":3554574, "metal":504651},
            {"food":358271, "wood":1809314, "stone":3555786, "metal":505062},
            {"food":358578, "wood":1810979, "stone":3558996, "metal":506194},
            {"food":359370, "wood":1815201, "stone":3567127, "metal":508964},
            {"food":361306, "wood":1825466, "stone":3586970, "metal":515527},
            {"food":365902, "wood":1849672, "stone":3633879, "metal":529464},
            {"food":375686, "wood":1900646, "stone":3733043, "metal":559605},
            {"food":396965, "wood":2009982, "stone":3946660, "metal":623517},
            {"food":442288, "wood":2239678, "stone":4397570, "metal":623517},
            {"food":537138, "wood":2712528, "stone":5330907, "metal":756540}
        ],
        "time_req":[300,1100,2800,2259,6933,10236,12015,17216,26367,30000,
            42006,48236,51500,56160,64600,76582,78000,80800,88120,89800,
            91680,95152,98925,99536,105965,110250,118854,119936,126533,132533
        ]
    },
    "12":{
    
        
        "image": "images/workshop.png",   
        "title": "القصر",
        "lvl_req":[
            
            {"food":2227,    "wood":480,      "stone":2310,    "metal":1707},
            {"food":6101,    "wood":13147,    "stone":6322,    "metal":4682},
            {"food":15952,   "wood":34232,    "stone":16484,   "metal":12229},
            {"food":40126,   "wood":85590,    "stone":41290,   "metal":30694},
            {"food":97592,   "wood":206600,   "stone":99926,   "metal":74457},
            {"food":220013,  "wood":461465,   "stone":223882,  "metal":167340},
            {"food":485904,  "wood":1087171,  "stone":490898,  "metal":368246},
            {"food":1052534, "wood":2156644,  "stone":1054533, "metal":794374},
            {"food":2238195, "wood":4520912,  "stone":2221206, "metal":1681215},
            {"food":2238991, "wood":2522569,  "stone":2222002, "metal":1681803},
            {"food":2240422, "wood":4525732,  "stone":2223516, "metal":1682923},
            {"food":2244296, "wood":4534060,  "stone":2227548, "metal":1685897},
            {"food":2254147, "wood":4555141,  "stone":2237690, "metal":1693444},
            {"food":2278321, "wood":4606503,  "stone":2262496, "metal":1711909},
            {"food":2335787, "wood":4727512,  "stone":2325132, "metal":1755672},
            {"food":2458208, "wood":4982378,  "stone":2445088, "metal":1848555},
            {"food":2724099, "wood":5529084,  "stone":2712104, "metal":2049461},
            {"food":3290729, "wood":6677557,  "stone":3275739, "metal":2475589},
            {"food":4476390, "wood":9141826,  "stone":4442412, "metal":3362430},
            {"food":4477186, "wood":9043482,  "stone":4443208, "metal":3363018},
            {"food":4478617, "wood":9046636,  "stone":4624722, "metal":3364138},
            {"food":4482491, "wood":9045973,  "stone":4448734, "metal":3367112},
            {"food":4492342, "wood":9076058,  "stone":4458896, "metal":3374659},
            {"food":4516516, "wood":9127416,  "stone":4483702, "metal":3393124},
            {"food":4573982, "wood":9248426,  "stone":4542338, "metal":3436887},
            {"food":4696403, "wood":9503291,  "stone":4666294, "metal":3529770},
            {"food":4962294, "wood":10049997, "stone":4933310, "metal":3730676},
            {"food":5528924, "wood":11195470, "stone":5496945, "metal":4156804},
            {"food":6714585, "wood":13562739, "stone":6663618, "metal":5043645},
            {"food":6714585, "wood":13562739, "stone":6663618, "metal":5043645},
            {"food":20, "wood":30, "stone":30, "metal":30}
        ],
        "time_req":[300,1100,1800,3259,10933,17236,22015,27216,36367,40000,
            46006,48236,51500,56160,64600,76582,78000,80800,88120,92800,
            96680,99152,100925,112536,125965,148250,140854,162936,186533,192533
        ]
    },
    "13":{
    
        
        "image": "images/workshop.png",   
        "title": "السور",
        "lvl_req":[
            {"food":1530,     "wood":994,     "stone":3180,     "metal":882},
            {"food":4451,     "wood":2887,    "stone":9243,     "metal":2565},
            {"food":12202,    "wood":7888,    "stone":25288,    "metal":7024},
            {"food":31910,    "wood":20542,   "stone":65932,    "metal":18338},
            {"food":80252,    "wood":51352,   "stone":165166,   "metal":46040},
            {"food":195195,   "wood":123959,  "stone":399700,   "metal":111692},
            {"food":440014,   "wood":276876,  "stone":895534,   "metal":251009},
            {"food":971794,   "wood":604898,  "stone":1963606,  "metal":552375},
            {"food":2105088,  "wood":1293922, "stone":4218144,  "metal":1191554},
            {"food":4476396,  "wood":2712546, "stone":8884830,  "metal":2521815},
            {"food":4477899,  "wood":2713540, "stone":8880105,  "metal":2522697},
            {"food":4480820,  "wood":2715433, "stone":8894073,  "metal":2524380},
            {"food":4488571,  "wood":2720434, "stone":8910118,  "metal":2528839},
            {"food":4508279,  "wood":2733088, "stone":8950762,  "metal":2540153},
            {"food":4556621,  "wood":2763898, "stone":9049996,  "metal":2567855},
            {"food":4675164,  "wood":2836505, "stone":9284530,  "metal":2633507},
            {"food":4616383,  "wood":2989422, "stone":9780364,  "metal":2772824},
            {"food":5448163,  "wood":3317444, "stone":10848431, "metal":2034190},
            {"food":6581457,  "wood":4006538, "stone":13102974, "metal":3713369},
            {"food":8952738,  "wood":5425092, "stone":17769660, "metal":5043630},
            {"food":8954268,  "wood":5426086, "stone":17772840, "metal":5044512},
            {"food":8957189,  "wood":5427979, "stone":17778903, "metal":5046195},
            {"food":8964940,  "wood":5432980, "stone":17794948, "metal":5050654},
            {"food":8984648,  "wood":5445634, "stone":17835592, "metal":5061968},
            {"food":9032990,  "wood":5474404, "stone":17934826, "metal":5089670},
            {"food":9147933,  "wood":5549051, "stone":18169360, "metal":5155322},
            {"food":9924532,  "wood":6029990, "stone":18665194, "metal":5294639},
            {"food":11057826, "wood":6719084, "stone":21987804, "metal":5596005},
            {"food":13429107, "wood":8137638, "stone":26654490, "metal":7565445},
            {"food":13429107, "wood":8137638, "stone":26654490, "metal":7565445}
        ],
        "time_req":[300,2100,4800,6259,18933,27236,32015,37216,46367,50000,
            56006,58236,61500,76160,74600,86582,88000,90800,98120,99800,
            106680,119152,130925,142536,155965,168250,180854,199936,226533,234533
        ]
    },
    "14":{
    
        
        "image": "images/workshop.png",   
        "title": "السوق",
        "lvl_req":[
            {"food":306,     "wood":662,     "stone":636,     "metal":882},
            {"food":892,     "wood":2059,    "stone":1848,    "metal":2565},
            {"food":2440,    "wood":5957,    "stone":5058,    "metal":7013},
            {"food":6361,    "wood":16236,   "stone":13189,   "metal":18290},
            {"food":15974,   "wood":42012,   "stone":33032,   "metal":45812},
            {"food":38752,   "wood":103719,  "stone":79941,   "metal":110862},
            {"food":87086,   "wood":243055,  "stone":179105,  "metal":248381},
            {"food":191636,  "wood":510001,  "stone":392722,  "metal":544627},
            {"food":413389,  "wood":1073750, "stone":843632,  "metal":1169938},
            {"food":874908,  "wood":2184861, "stone":1776969, "metal":2464290},
            {"food":179046,  "wood":9040176, "stone":1776969, "metal":3521180},
            {"food":179107,  "wood":9014570, "stone":1777605, "metal":4532269},
            {"food":179225,  "wood":9025138, "stone":1778817, "metal":5524435},
            {"food":179532,  "wood":9036803, "stone":1782027, "metal":6525882},
            {"food":380324,  "wood":9114025, "stone":1790158, "metal":7546014},
            {"food":582260,  "wood":9215290, "stone":1810001, "metal":8568784},
            {"food":586856,  "wood":9456496, "stone":1856910, "metal":9637347},
            {"food":696640,  "wood":9967470, "stone":1956074, "metal":1077284},
            {"food":717919,  "wood":1105806, "stone":2169691, "metal":1807425},
            {"food":763242,  "wood":1335502, "stone":2602601, "metal":2271337},
            {"food":1066554, "wood":2694867, "stone":2169691, "metal":3634228},
            {"food":1288297, "wood":3258611, "stone":2620601, "metal":4928580},
            {"food":1749816, "wood":4369722, "stone":3553938, "metal":4929462},
            {"food":1750122, "wood":4370384, "stone":3554574, "metal":4931145},
            {"food":1750708, "wood":4371781, "stone":3555786, "metal":4935593},
            {"food":1752256, "wood":4375679, "stone":3558996, "metal":4946870},
            {"food":1756177, "wood":4385958, "stone":3567127, "metal":4974392},
            {"food":1765790, "wood":4411734, "stone":3586970, "metal":5039442},
            {"food":1788569, "wood":4473441, "stone":3633879, "metal":5176961},
            {"food":1788569, "wood":4473441, "stone":3633879, "metal":5176961}
            
        ],
        "time_req":[300,1100,1800,3259,10933,17236,22015,27216,36367,40000,
            46006,48236,51500,56160,64600,76582,78000,80800,88120,92800,
            96680,99152,100925,112536,125965,148250,140854,162936,186533,193533,193533
        ]
    },
    "15":{
    
        
        "image": "images/workshop.png",   
        "title": "الغابات",
        "lvl_req":[
            
            {"food":61,     "wood":276,     "stone":40,     "metal":59},
            {"food":179,    "wood":804,     "stone":116,    "metal":174},
            {"food":486,    "wood":2190,    "stone":315,    "metal":467},
            {"food":1278,   "wood":5704,    "stone":824,    "metal":1220},
            {"food":3214,   "wood":14266,   "stone":2066,   "metal":3070},
            {"food":7810,   "wood":34428,   "stone":4996,   "metal":7449},
            {"food":17594,  "wood":76913,   "stone":11194,  "metal":16733},
            {"food":38873,  "wood":168028,  "stone":24549,  "metal":36829},
            {"food":84196,  "wood":359442,  "stone":52728,  "metal":79444},
            {"food":179046, "wood":753480,  "stone":111066, "metal":168126},
            {"food":179107, "wood":753756,  "stone":111106, "metal":168185},
            {"food":179225, "wood":754284,  "stone":111182, "metal":168300},
            {"food":179532, "wood":755670,  "stone":111381, "metal":168593},
            {"food":180324, "wood":759184,  "stone":111890, "metal":169346},
            {"food":182260, "wood":767746,  "stone":113132, "metal":171196},
            {"food":186856, "wood":787908,  "stone":116062, "metal":175575},
            {"food":196640, "wood":830393,  "stone":122260, "metal":184859},
            {"food":217919, "wood":921508,  "stone":135615, "metal":204955},
            {"food":263242, "wood":1112922, "stone":163793, "metal":247570},
            {"food":358092, "wood":1506960, "stone":222132, "metal":336252},
            {"food":358153, "wood":1507236, "stone":222172, "metal":336311},
            {"food":358271, "wood":1507764, "stone":222248, "metal":336426},
            {"food":358578, "wood":1509150, "stone":222447, "metal":336719},
            {"food":359370, "wood":1512664, "stone":222956, "metal":337472},
            {"food":361306, "wood":1521226, "stone":224198, "metal":339322},
            {"food":365902, "wood":1541388, "stone":227128, "metal":343701},
            {"food":375686, "wood":1583873, "stone":233326, "metal":352985},
            {"food":396965, "wood":1674988, "stone":246681, "metal":373081},
            {"food":442288, "wood":1866402, "stone":274859, "metal":415696},
            {"food":537138, "wood":2260440, "stone":333198, "metal":504378}
        ],
        "time_req":[300,1100,2800,2259,6933,10236,12015,17216,26367,30000,
            42006,48236,51500,56160,64600,76582,78000,80800,88120,89800,
            91680,95152,98925,99536,105965,110250,118854,119936,126533,134533
        ]
    },
    "16":{
    
        
        "image": "images/workshop.png",   
        "title": "الحقل",
        "lvl_req":[
            
            {"food":490,     "wood":662,     "stone":478,     "metal":588},
            {"food":1422,    "wood":1925,    "stone":1387,    "metal":1708},
            {"food":3907,    "wood":5261,    "stone":3794,    "metal":4682},
            {"food":10208,   "wood":13691,   "stone":9891,    "metal":12229},
            {"food":25678,   "wood":34238,   "stone":24776,   "metal":30694},
            {"food":62462,   "wood":82641,   "stone":59957,   "metal":74457},
            {"food":140808,  "wood":184591,  "stone":134328,  "metal":167340},
            {"food":310976,  "wood":403270,  "stone":294544,  "metal":368246},
            {"food":673630,  "wood":862652,  "stone":632722,  "metal":794374},
            {"food":1432446, "wood":1808370, "stone":1332729, "metal":1681215},
            {"food":1432936, "wood":1809032, "stone":1333207, "metal":1681830},
            {"food":1433868, "wood":1810295, "stone":1334116, "metal":1682923},
            {"food":1436353, "wood":1813631, "stone":1336523, "metal":1685897},
            {"food":1442654, "wood":1822061, "stone":1342620, "metal":1693444},
            {"food":1458124, "wood":1842608, "stone":1357505, "metal":1711919},
            {"food":1494908, "wood":1891011, "stone":1392686, "metal":1755682},
            {"food":1573254, "wood":1992961, "stone":1467057, "metal":1848555},
            {"food":1743419, "wood":2211640, "stone":1627273, "metal":2049461},
            {"food":2106076, "wood":2671022, "stone":1965451, "metal":2475589},
            {"food":2864892, "wood":3616740, "stone":2665458, "metal":3362430},
            {"food":2865382, "wood":3617402, "stone":2665936, "metal":3363018},
            {"food":2866314, "wood":3618665, "stone":2666845, "metal":3364138},
            {"food":2868799, "wood":3622001, "stone":2669252, "metal":3367112},
            {"food":2875100, "wood":3630431, "stone":2675349, "metal":3374659},
            {"food":2890570, "wood":3650978, "stone":2690234, "metal":3393124},
            {"food":2927354, "wood":3699381, "stone":2725415, "metal":3436887},
            {"food":3005700, "wood":3801331, "stone":2799786, "metal":3529770},
            {"food":3175865, "wood":4020010, "stone":2960002, "metal":3730676},
            {"food":3538522, "wood":4479392, "stone":3298180, "metal":4156804},
            {"food":4297338, "wood":5425110, "stone":3998187, "metal":5043645}
        ],
        "time_req":[300,1100,2800,2259,6933,10236,12015,17216,26367,30000,
            42006,48236,51500,56160,64600,76582,78000,80800,88120,89800,
            91680,95152,98925,99536,105965,110250,118854,119936,126533,133533
        ]
    },
    "17":{
    
        
        "image": "images/workshop.png",   
        "title": "المنجم",
        "lvl_req":[
            
            {"food":734,     "wood":1104,    "stone":254,     "metal":588},
            {"food":2138,    "wood":3207,    "stone":739,     "metal":1708},
            {"food":5856,    "wood":8768,    "stone":2024,    "metal":4682},
            {"food":15320,   "wood":2282,    "stone":5274,    "metal":12229},
            {"food":38520,   "wood":57058,   "stone":13212,   "metal":30694},
            {"food":93687,   "wood":137733,  "stone":31979,   "metal":74457},
            {"food":211210,  "wood":307639,  "stone":71640,   "metal":167340},
            {"food":466461,  "wood":672116,  "stone":15709,   "metal":368246},
            {"food":1010444, "wood":1437755, "stone":337453,  "metal":794374},
            {"food":2148672, "wood":3013938, "stone":710787,  "metal":1681215},
            {"food":2149406, "wood":3015042, "stone":711041,  "metal":1681803},
            {"food":2150810, "wood":3017145, "stone":711526,  "metal":1682923},
            {"food":2154528, "wood":3022706, "stone":712811,  "metal":1685897},
            {"food":2163992, "wood":3036766, "stone":716061,  "metal":1693444},
            {"food":2187192, "wood":3070996, "stone":723999,  "metal":1711909},
            {"food":2242359, "wood":3151671, "stone":742766,  "metal":1755672},
            {"food":2359882, "wood":3321577, "stone":782427,  "metal":1848555},
            {"food":2615133, "wood":3686045, "stone":867876,  "metal":2049461},
            {"food":3159116, "wood":4451693, "stone":1048240, "metal":2475589},
            {"food":2497344, "wood":6027876, "stone":1421574, "metal":3362430},
            {"food":4298078, "wood":6028980, "stone":1421828, "metal":3363018},
            {"food":4299482, "wood":6031083, "stone":1422313, "metal":3364138},
            {"food":4303200, "wood":6036644, "stone":1423598, "metal":3367122},
            {"food":4312664, "wood":6050704, "stone":1426848, "metal":3374659},
            {"food":4335864, "wood":6084934, "stone":1434786, "metal":3393124},
            {"food":4391031, "wood":6165609, "stone":1453553, "metal":3436887},
            {"food":4508554, "wood":6335515, "stone":1493214, "metal":3529770},
            {"food":4763805, "wood":6699592, "stone":1578663, "metal":3730676},
            {"food":5037788, "wood":7465631, "stone":1759027, "metal":4156804},
            {"food":6446016, "wood":9041814, "stone":2132361, "metal":5043645}
        ],
        "time_req":[300,1100,2800,2259,6933,10236,12015,17216,26367,30000,
            42006,48236,51500,56160,64600,76582,78000,80800,88120,89800,
            91680,95152,98025,99536,105965,110250,118854,119936,126533,134533
        ]
    },
    "18":{
        "image": "images/workshop.png",   
        "title": "المحجر",
        "icon": "images/building/building01.jpg",
        "nav_bar":  [{
                "txt":"معلومات التحديث",
                "title":"upgrade_req"
                }
            ]   ,
            
        "lvl_req":[
            
            {"food":61,     "wood":276,     "stone":40,     "metal":59},
            {"food":179,    "wood":804,     "stone":116,    "metal":174},
            {"food":486,    "wood":2190,    "stone":315,    "metal":467},
            {"food":1278,   "wood":5704,    "stone":824,    "metal":1220},
            {"food":3214,   "wood":14266,   "stone":2066,   "metal":3070},
            {"food":7810,   "wood":34428,   "stone":4996,   "metal":7449},
            {"food":17594,  "wood":76913,   "stone":11194,  "metal":16733},
            {"food":38873,  "wood":168028,  "stone":24549,  "metal":36829},
            {"food":84196,  "wood":359442,  "stone":52728,  "metal":79444},
            {"food":179046, "wood":753480,  "stone":111066, "metal":168126},
            {"food":179107, "wood":753756,  "stone":111106, "metal":168185},
            {"food":179225, "wood":754284,  "stone":111182, "metal":168300},
            {"food":179532, "wood":755670,  "stone":111381, "metal":168593},
            {"food":180324, "wood":759184,  "stone":111890, "metal":169346},
            {"food":182260, "wood":767746,  "stone":113132, "metal":171196},
            {"food":186856, "wood":787908,  "stone":116062, "metal":175575},
            {"food":196640, "wood":830393,  "stone":122260, "metal":184859},
            {"food":217919, "wood":921508,  "stone":135615, "metal":204955},
            {"food":263242, "wood":1112922, "stone":163793, "metal":247570},
            {"food":358092, "wood":1506960, "stone":222132, "metal":336252},
            {"food":358153, "wood":1507236, "stone":222172, "metal":336311},
            {"food":358271, "wood":1507764, "stone":222248, "metal":336426},
            {"food":358578, "wood":1509150, "stone":222447, "metal":336719},
            {"food":359370, "wood":1512664, "stone":222956, "metal":337472},
            {"food":361306, "wood":1521226, "stone":224198, "metal":339322},
            {"food":365902, "wood":1541388, "stone":227128, "metal":343701},
            {"food":375686, "wood":1583873, "stone":233326, "metal":352985},
            {"food":396965, "wood":1674988, "stone":246681, "metal":373081},
            {"food":442288, "wood":1866402, "stone":274859, "metal":415696},
            {"food":537138, "wood":2260440, "stone":333198, "metal":504378}
        ],
        "time_req":[300,1100,2800,2259,6933,10236,12015,17216,26367,30000,
            42006,48236,51500,56160,64600,76582,78000,80800,88120,89800,
            91680,95952,98925,99536,105965,110250,118854,119936,126533,134533
        ]
    }

}

