{
    "farming":{
        "lvl_req":[
            {"food":305,      "wood":0, "stone":0, "metal":0, "coin":507},
            {"food":679,      "wood":0, "stone":0, "metal":0, "coin":1865},
            {"food":1486,     "wood":0, "stone":0, "metal":0, "coin":4958},
            {"food":9278,     "wood":0, "stone":0, "metal":0, "coin":11850},
            {"food":23214,    "wood":0, "stone":0, "metal":0, "coin":26057},
            {"food":37810,    "wood":0, "stone":0, "metal":0, "coin":124562},
            {"food":67594,    "wood":0, "stone":0, "metal":0, "coin":362046},
            {"food":128873,   "wood":0, "stone":0, "metal":0, "coin":625485},
            {"food":164196,   "wood":0, "stone":0, "metal":0, "coin":1003251},
            {"food":239046,   "wood":0, "stone":0, "metal":0, "coin":1458267},
            {"food":469107,   "wood":0, "stone":0, "metal":0, "coin":1556655},
            {"food":879225,   "wood":0, "stone":0, "metal":0, "coin":1825539},
            {"food":1079532,  "wood":0, "stone":0, "metal":0, "coin":1945873},
            {"food":1680324,  "wood":0, "stone":0, "metal":0, "coin":2624551},
            {"food":2382260,  "wood":0, "stone":0, "metal":0, "coin":3165865},
            {"food":5286856,  "wood":0, "stone":0, "metal":0, "coin":3865885},
            {"food":8196640,  "wood":0, "stone":0, "metal":0, "coin":4235686},
            {"food":9717919,  "wood":0, "stone":0, "metal":0, "coin":5685484},
            {"food":12163242, "wood":0, "stone":0, "metal":0, "coin":6542578},
            {"food":16158092, "wood":0, "stone":0, "metal":0, "coin":8769522},
            {"food":19358153, "wood":0, "stone":0, "metal":0, "coin":9723545},
            {"food":21358271, "wood":0, "stone":0, "metal":0, "coin":1194587},
            {"food":24358578, "wood":0, "stone":0, "metal":0, "coin":1262455},
            {"food":26359370, "wood":0, "stone":0, "metal":0, "coin":1316586},
            {"food":29361306, "wood":0, "stone":0, "metal":0, "coin":1386588},
            {"food":32365902, "wood":0, "stone":0, "metal":0, "coin":1423568},
            {"food":36375686, "wood":0, "stone":0, "metal":0, "coin":1568548},
            {"food":40396965, "wood":0, "stone":0, "metal":0, "coin":1654257},
            {"food":42442288, "wood":0, "stone":0, "metal":0, "coin":1876952},
            {"food":46537138, "wood":0, "stone":0, "metal":0, "coin":1972354},
            {"food":46537138, "wood":0, "stone":0, "metal":0, "coin":1972354}
        ],
        "time_req":[300,600,1200,2659,9533,14236,20315,25216,32367,36000,
            40006,45236,46500,53160,64600,74582,75000,75800,76120,81800,
            83680,85152,88925,89536,90665,91250,91254,93936,94533,94533
        ]
    },
    "wooding":{ 
        "lvl_req":[
            {"food":0, "wood":205,      "stone":0, "metal":305,      "coin":507},
            {"food":0, "wood":579,      "stone":0, "metal":679,      "coin":1865},
            {"food":0, "wood":1286,     "stone":0, "metal":1486,     "coin":4958},
            {"food":0, "wood":8278,     "stone":0, "metal":9278,     "coin":11850},
            {"food":0, "wood":23214,    "stone":0, "metal":23214,    "coin":26057},
            {"food":0, "wood":37810,    "stone":0, "metal":37810,    "coin":124562},
            {"food":0, "wood":63594,    "stone":0, "metal":67594,    "coin":362046},
            {"food":0, "wood":102873,   "stone":0, "metal":128873,   "coin":625485},
            {"food":0, "wood":112196,   "stone":0, "metal":164196,   "coin":1003251},
            {"food":0, "wood":189046,   "stone":0, "metal":239046,   "coin":1458267},
            {"food":0, "wood":412107,   "stone":0, "metal":469107,   "coin":1556655},
            {"food":0, "wood":879225,   "stone":0, "metal":879225,   "coin":1825539},
            {"food":0, "wood":1079532,  "stone":0, "metal":1079532,  "coin":1945873},
            {"food":0, "wood":1680324,  "stone":0, "metal":1680324,  "coin":2624551},
            {"food":0, "wood":2382260,  "stone":0, "metal":2282365,  "coin":3165865},
            {"food":0, "wood":5286856,  "stone":0, "metal":4586637,  "coin":3865885},
            {"food":0, "wood":8196640,  "stone":0, "metal":8296698,  "coin":4235686},
            {"food":0, "wood":9717919,  "stone":0, "metal":8817147,  "coin":5685484},
            {"food":0, "wood":12163242, "stone":0, "metal":12163458, "coin":6542578},
            {"food":0, "wood":16158092, "stone":0, "metal":16158365, "coin":8769522},
            {"food":0, "wood":19358153, "stone":0, "metal":19428268, "coin":9723545},
            {"food":0, "wood":21358271, "stone":0, "metal":20358271, "coin":1194587},
            {"food":0, "wood":24358578, "stone":0, "metal":24358578, "coin":1262455},
            {"food":0, "wood":26359370, "stone":0, "metal":26359370, "coin":1316586},
            {"food":0, "wood":29361306, "stone":0, "metal":27361306, "coin":1386588},
            {"food":0, "wood":32365902, "stone":0, "metal":28365902, "coin":1423568},
            {"food":0, "wood":36375686, "stone":0, "metal":28375686, "coin":1568548},
            {"food":0, "wood":40396965, "stone":0, "metal":30396965, "coin":1654257},
            {"food":0, "wood":43442288, "stone":0, "metal":32442288, "coin":1876952},
            {"food":0, "wood":48537138, "stone":0, "metal":36537138, "coin":1972354},
            {"food":0, "wood":48537138, "stone":0, "metal":36537138, "coin":1972354}
        ],
        "time_req":[300,600,1200,2659,9533,14236,20315,25216,32367,36000,
            40006,45236,46500,53160,64600,74582,75000,75800,76120,81800,
            83680,85152,88925,89536,90665,91250,91254,93936,94533,94533
        ]
    },
    "stoning":{
        "lvl_req":[
            {"food":0, "wood":0, "stone":662,      "metal":588    , "coin":468 },
            {"food":0, "wood":0, "stone":1925,     "metal":1708   , "coin":1507 },
            {"food":0, "wood":0, "stone":5261,     "metal":4682   , "coin":3657 },
            {"food":0, "wood":0, "stone":13691,    "metal":12229  , "coin":9524 },
            {"food":0, "wood":0, "stone":34238,    "metal":30694  , "coin":12654 },
            {"food":0, "wood":0, "stone":82641,    "metal":74457  , "coin":36524 },
            {"food":0, "wood":0, "stone":184591,   "metal":167340 , "coin":56585 },
            {"food":0, "wood":0, "stone":403270,   "metal":368246 , "coin":62254 },
            {"food":0, "wood":0, "stone":862652,   "metal":794374 , "coin":96597 },
            {"food":0, "wood":0, "stone":1808370,  "metal":1681215, "coin":125483 },
            {"food":0, "wood":0, "stone":1809032,  "metal":1681830, "coin":186547 },
            {"food":0, "wood":0, "stone":1810295,  "metal":1682923, "coin":215248 },
            {"food":0, "wood":0, "stone":1813631,  "metal":1685897, "coin":287568 },
            {"food":0, "wood":0, "stone":1822061,  "metal":1693444, "coin":456812 },
            {"food":0, "wood":0, "stone":1842608,  "metal":1711919, "coin":1165697 },
            {"food":0, "wood":0, "stone":1891011,  "metal":1755682, "coin":1445875 },
            {"food":0, "wood":0, "stone":1992961,  "metal":1848555, "coin":2462845 },
            {"food":0, "wood":0, "stone":2211640,  "metal":2049461, "coin":4692456 },
            {"food":0, "wood":0, "stone":2671022,  "metal":2475589, "coin":5365286},
            {"food":0, "wood":0, "stone":3616740,  "metal":3362430, "coin":6952523 },
            {"food":0, "wood":0, "stone":3617402,  "metal":3363018, "coin":8922363 },
            {"food":0, "wood":0, "stone":3618665,  "metal":3364138, "coin":13565867 },
            {"food":0, "wood":0, "stone":3622001,  "metal":3367112, "coin":17623655},
            {"food":0, "wood":0, "stone":3630431,  "metal":3374659, "coin":18536586 },
            {"food":0, "wood":0, "stone":3650978,  "metal":3393124, "coin":19565869 },
            {"food":0, "wood":0, "stone":3699381,  "metal":3436887, "coin":19235654 },
            {"food":0, "wood":0, "stone":3801331,  "metal":3529770, "coin":20325636 },
            {"food":0, "wood":0, "stone":4020010,  "metal":3733066, "coin":22525636 },
            {"food":0, "wood":0, "stone":4479392,  "metal":4156804, "coin":22365863 },
            {"food":0, "wood":0, "stone":5425110,  "metal":5043645, "coin":23665489 },
            {"food":0, "wood":0, "stone":5425110,  "metal":5043645, "coin":23665489 }
        ],
        "time_req":[300,1100,2800,2259,6933,10236,12015,17216,26367,30000,
            42006,48236,51500,56160,64600,76582,78000,80800,88120,89800,
            91680,95152,98925,99536,105965,110250,118854,119936,126533,126533
        ]
    },
    "mining":{
        "lvl_req":[
            {"food":0, "wood":0, "stone":0, "metal":882,     "coin":1125},
            {"food":0, "wood":0, "stone":0, "metal":2565,    "coin":5335},
            {"food":0, "wood":0, "stone":0, "metal":7024,    "coin":11254},
            {"food":0, "wood":0, "stone":0, "metal":18338,   "coin":15236},
            {"food":0, "wood":0, "stone":0, "metal":46040,   "coin":36524},
            {"food":0, "wood":0, "stone":0, "metal":111692,  "coin":85236},
            {"food":0, "wood":0, "stone":0, "metal":251009,  "coin":119525},
            {"food":0, "wood":0, "stone":0, "metal":552375,  "coin":368657},
            {"food":0, "wood":0, "stone":0, "metal":1191554, "coin":932156},
            {"food":0, "wood":0, "stone":0, "metal":2521815, "coin":1835663},
            {"food":0, "wood":0, "stone":0, "metal":2522697, "coin":2466833},
            {"food":0, "wood":0, "stone":0, "metal":2524380, "coin":4638656},
            {"food":0, "wood":0, "stone":0, "metal":2528839, "coin":6975335},
            {"food":0, "wood":0, "stone":0, "metal":2540153, "coin":8632567},
            {"food":0, "wood":0, "stone":0, "metal":2567855, "coin":9863533},
            {"food":0, "wood":0, "stone":0, "metal":2633507, "coin":11665636},
            {"food":0, "wood":0, "stone":0, "metal":2772824, "coin":14362565},
            {"food":0, "wood":0, "stone":0, "metal":3074190, "coin":16863258},
            {"food":0, "wood":0, "stone":0, "metal":3713369, "coin":18335563},
            {"food":0, "wood":0, "stone":0, "metal":5043630, "coin":19325562},
            {"food":0, "wood":0, "stone":0, "metal":5044512, "coin":20215367},
            {"food":0, "wood":0, "stone":0, "metal":5046195, "coin":21533687},
            {"food":0, "wood":0, "stone":0, "metal":5050654, "coin":23976564},
            {"food":0, "wood":0, "stone":0, "metal":5061969, "coin":24639723},
            {"food":0, "wood":0, "stone":0, "metal":5089670, "coin":28933546},
            {"food":0, "wood":0, "stone":0, "metal":5155322, "coin":29332468},
            {"food":0, "wood":0, "stone":0, "metal":5294639, "coin":31665733},
            {"food":0, "wood":0, "stone":0, "metal":5596005, "coin":35368773},
            {"food":0, "wood":0, "stone":0, "metal":6235184, "coin":36731146},
            {"food":0, "wood":0, "stone":0, "metal":7565445, "coin":38635563},
            {"food":0, "wood":0, "stone":0, "metal":7565445, "coin":38635563}
        ],
        "time_req":[300,1100,1800,3259,10933,17236,22015,27216,36367,40000,
            46006,48236,51500,56160,64600,76582,78000,80800,88120,92800,
            96680,99152,100925,112536,125965,148250,140854,162936,186533,186533
        ]
    },
    "accounting":{
        "lvl_req":[
            {"food":0, "wood":0, "stone":0, "metal":0, "coin":5700},
            {"food":0, "wood":0, "stone":0, "metal":0, "coin":15250},
            {"food":0, "wood":0, "stone":0, "metal":0, "coin":235354},
            {"food":0, "wood":0, "stone":0, "metal":0, "coin":685220},
            {"food":0, "wood":0, "stone":0, "metal":0, "coin":182032},
            {"food":0, "wood":0, "stone":0, "metal":0, "coin":368201},
            {"food":0, "wood":0, "stone":0, "metal":0, "coin":845202},
            {"food":0, "wood":0, "stone":0, "metal":0, "coin":2657573},
            {"food":0, "wood":0, "stone":0, "metal":0, "coin":4533276},
            {"food":0, "wood":0, "stone":0, "metal":0, "coin":6225236},
            {"food":0, "wood":0, "stone":0, "metal":0, "coin":9525633},
            {"food":0, "wood":0, "stone":0, "metal":0, "coin":12336548},
            {"food":0, "wood":0, "stone":0, "metal":0, "coin":16233158},
            {"food":0, "wood":0, "stone":0, "metal":0, "coin":19785235},
            {"food":0, "wood":0, "stone":0, "metal":0, "coin":22355768},
            {"food":0, "wood":0, "stone":0, "metal":0, "coin":26233754},
            {"food":0, "wood":0, "stone":0, "metal":0, "coin":27625654},
            {"food":0, "wood":0, "stone":0, "metal":0, "coin":28663423},
            {"food":0, "wood":0, "stone":0, "metal":0, "coin":31356576},
            {"food":0, "wood":0, "stone":0, "metal":0, "coin":33587921},
            {"food":0, "wood":0, "stone":0, "metal":0, "coin":34563683},
            {"food":0, "wood":0, "stone":0, "metal":0, "coin":36314569},
            {"food":0, "wood":0, "stone":0, "metal":0, "coin":38635563},
            {"food":0, "wood":0, "stone":0, "metal":0, "coin":42335466},
            {"food":0, "wood":0, "stone":0, "metal":0, "coin":44668521},
            {"food":0, "wood":0, "stone":0, "metal":0, "coin":45998716},
            {"food":0, "wood":0, "stone":0, "metal":0, "coin":46853368},
            {"food":0, "wood":0, "stone":0, "metal":0, "coin":47663998},
            {"food":0, "wood":0, "stone":0, "metal":0, "coin":48332253},
            {"food":0, "wood":0, "stone":0, "metal":0, "coin":52635563},
            {"food":0, "wood":0, "stone":0, "metal":0, "coin":52635563}
        ],
        "time_req":[300,2100,4800,6259,18933,27236,32015,37216,46367,50000,
            56006,58236,61500,76160,74600,86582,88000,90800,98120,99800,
            106680,119152,130925,142536,155965,168250,180854,199936,226533,226533
        ]
    },
    "storing":{
        "lvl_req":[
            {"food":0, "wood":2760,     "stone":1432,    "metal":294,     "coin":1140},
            {"food":0, "wood":8018,     "stone":4158,    "metal":855,     "coin":3644},
            {"food":0, "wood":21917,    "stone":11379,   "metal":2342,    "coin":8222},
            {"food":0, "wood":57058,    "stone":29669,   "metal":6109,    "coin":12554},
            {"food":0, "wood":142648,   "stone":74326,   "metal":15346,   "coin":19665},
            {"food":0, "wood":344333,   "stone":179868,  "metal":37235,   "coin":25668},
            {"food":0, "wood":769106,   "stone":402991,  "metal":83669,   "coin":48633},
            {"food":0, "wood":1680484,  "stone":883620,  "metal":184129,  "coin":125323},
            {"food":0, "wood":3594399,  "stone":1898165, "metal":397180,  "coin":286628},
            {"food":0, "wood":7834851,  "stone":3998175, "metal":804600,  "coin":396687},
            {"food":0, "wood":7537611,  "stone":3999607, "metal":840894,  "coin":693348},
            {"food":0, "wood":7542869,  "stone":4002333, "metal":841455,  "coin":896334},
            {"food":0, "wood":7556768,  "stone":4009554, "metal":842942,  "coin":1236678},
            {"food":0, "wood":7591909,  "stone":4027844, "metal":846709,  "coin":1863354},
            {"food":0, "wood":7677499,  "stone":4072501, "metal":855946,  "coin":2469831},
            {"food":0, "wood":7879184,  "stone":4178043, "metal":877835,  "coin":3673324},
            {"food":0, "wood":8303957,  "stone":4401166, "metal":924269,  "coin":5333771},
            {"food":0, "wood":9215135,  "stone":4881795, "metal":1024729, "coin":7363433},
            {"food":0, "wood":11129250, "stone":5896340, "metal":1237780, "coin":8135456},
            {"food":0, "wood":15069708, "stone":7996350, "metal":1681200, "coin":8863563},
            {"food":0, "wood":15072462, "stone":7997782, "metal":1681494, "coin":9633256},
            {"food":0, "wood":15077720, "stone":8000508, "metal":1682055, "coin":11233672},
            {"food":0, "wood":15091619, "stone":8007729, "metal":1683542, "coin":12336576},
            {"food":0, "wood":15126760, "stone":8026019, "metal":1687309, "coin":14336681},
            {"food":0, "wood":15212350, "stone":8070676, "metal":1696541, "coin":16098876},
            {"food":0, "wood":15414035, "stone":8716218, "metal":1718435, "coin":17123665},
            {"food":0, "wood":15838808, "stone":8399341, "metal":1764869, "coin":18466368},
            {"food":0, "wood":16749986, "stone":8879970, "metal":1865329, "coin":19633776},
            {"food":0, "wood":18664101, "stone":9894515, "metal":2078380, "coin":19333673},
            {"food":0, "wood":22604553, "stone":11994525,"metal":2521800, "coin":20133687},
            {"food":0, "wood":22604553, "stone":11994525,"metal":2521800, "coin":20133687}
        ],
        "time_req":[300,1100,1800,3259,10933,17236,22015,27216,36367,40000,
            46006,48236,51500,56160,64600,76582,78000,80800,88120,92800,
            96680,99152,100925,112536,125965,148250,140854,162936,186533,186533
        ]
    },
    "building":{
        "lvl_req":[
            {"food":0, "wood":1380,     "stone":478,     "metal":118,     "coin":3420},
            {"food":0, "wood":4011,     "stone":1378,    "metal":342,     "coin":11226},
            {"food":0, "wood":10958,    "stone":3794,    "metal":939,     "coin":18567},
            {"food":0, "wood":28530,    "stone":9891,    "metal":2448,    "coin":29684},
            {"food":0, "wood":71324,    "stone":24776,   "metal":6138,    "coin":39536},
            {"food":0, "wood":172161,   "stone":59957,   "metal":14887,   "coin":52447},
            {"food":0, "wood":384552,   "stone":134328,  "metal":33463,   "coin":123364},
            {"food":0, "wood":840143,   "stone":294544,  "metal":83645,   "coin":168473},
            {"food":0, "wood":1797197,  "stone":632722,  "metal":258896,  "coin":233651},
            {"food":0, "wood":3767433,  "stone":1332729, "metal":636237,  "coin":509834},
            {"food":0, "wood":3768831,  "stone":1333207, "metal":1036355, "coin":969675},
            {"food":0, "wood":3771444,  "stone":1334116, "metal":2336579, "coin":1202365},
            {"food":0, "wood":3778391,  "stone":1336523, "metal":3371766, "coin":1899763},
            {"food":0, "wood":3838757,  "stone":1357505, "metal":3242375, "coin":2876334},
            {"food":0, "wood":3838757,  "stone":1357505, "metal":3423795, "coin":4266971},
            {"food":0, "wood":3939594,  "stone":1392686, "metal":3512124, "coin":6337891},
            {"food":0, "wood":4151985,  "stone":1667057, "metal":3629700, "coin":7697334},
            {"food":0, "wood":4607576,  "stone":1627273, "metal":4098282, "coin":8876394},
            {"food":0, "wood":5564630,  "stone":1965451, "metal":4951106, "coin":9633479},
            {"food":0, "wood":7534866,  "stone":2665458, "metal":5572474, "coin":11365766},
            {"food":0, "wood":7536246,  "stone":2665936, "metal":5672592, "coin":13676933},
            {"food":0, "wood":7538877,  "stone":2666845, "metal":6172816, "coin":15697334},
            {"food":0, "wood":7545824,  "stone":2669252, "metal":6223413, "coin":18963472},
            {"food":0, "wood":7563396,  "stone":2675349, "metal":6174922, "coin":19866733},
            {"food":0, "wood":7606190,  "stone":2690234, "metal":6478612, "coin":20133687},
            {"food":0, "wood":7707027,  "stone":2725415, "metal":6587361, "coin":21368787},
            {"food":0, "wood":7919418,  "stone":2799786, "metal":7305937, "coin":22369146},
            {"food":0, "wood":9332063,  "stone":2960002, "metal":7246119, "coin":24669135},
            {"food":0, "wood":11302299, "stone":3298180, "metal":8131343, "coin":26433673},
            {"food":0, "wood":11302299, "stone":3298180, "metal":8131343, "coin":26433673}
        ],
        "time_req":[300,1100,1800,3259,10933,17236,22015,27216,36367,40000,
            46006,48236,51500,56160,64600,76582,78000,80800,88120,92800,
            96680,99152,100925,112536,125965,148250,140854,162936,186533,186533
        ]
    },
    "scholership":{
        "lvl_req":[
            {"food":0, "wood":662,     "stone":636,     "metal":882,     "coin":2860},
            {"food":0, "wood":2059,    "stone":1848,    "metal":2565,    "coin":7922},
            {"food":0, "wood":5957,    "stone":5058,    "metal":7013,    "coin":18658},
            {"food":0, "wood":16236,   "stone":13189,   "metal":18290,   "coin":48633},
            {"food":0, "wood":42012,   "stone":33032,   "metal":45812,   "coin":95365},
            {"food":0, "wood":103719,  "stone":79941,   "metal":110862,  "coin":186335},
            {"food":0, "wood":243055,  "stone":179105,  "metal":248381,  "coin":364226},
            {"food":0, "wood":510001,  "stone":392722,  "metal":544627,  "coin":423368},
            {"food":0, "wood":1073750, "stone":843632,  "metal":1169938, "coin":966872},
            {"food":0, "wood":2184861, "stone":1776969, "metal":2464290, "coin":1633579},
            {"food":0, "wood":2185523, "stone":1777605, "metal":2465172, "coin":2633658},
            {"food":0, "wood":2186920, "stone":1778817, "metal":2466855, "coin":4866365},
            {"food":0, "wood":2190818, "stone":1782027, "metal":2471303, "coin":6966573},
            {"food":0, "wood":2201097, "stone":1790158, "metal":2510102, "coin":8673354},
            {"food":0, "wood":2226873, "stone":1810001, "metal":2575152, "coin":9866734},
            {"food":0, "wood":2288580, "stone":1856910, "metal":2712671, "coin":12633657},
            {"food":0, "wood":2418916, "stone":1956074, "metal":3008917, "coin":14663367},
            {"food":0, "wood":2694867, "stone":2169691, "metal":3634228, "coin":16663983},
            {"food":0, "wood":3258611, "stone":2620601, "metal":4928580, "coin":18336578},
            {"food":0, "wood":4369722, "stone":3553938, "metal":4929462, "coin":21336647},
            {"food":0, "wood":4370384, "stone":3554574, "metal":4931145, "coin":22366584},
            {"food":0, "wood":4371781, "stone":3555786, "metal":4935593, "coin":23666356},
            {"food":0, "wood":4375679, "stone":3558996, "metal":4946870, "coin":24663367},
            {"food":0, "wood":4385958, "stone":3567127, "metal":4974392, "coin":26836657},
            {"food":0, "wood":4411734, "stone":3586970, "metal":5039442, "coin":28669973},
            {"food":0, "wood":4473441, "stone":3633879, "metal":5176961, "coin":32433547},
            {"food":0, "wood":4603777, "stone":3733043, "metal":5473207, "coin":34556982},
            {"food":0, "wood":4879728, "stone":3946660, "metal":6098518, "coin":36932147},
            {"food":0, "wood":5444372, "stone":4397570, "metal":7392870, "coin":37649183},
            {"food":0, "wood":6554583, "stone":5330907, "metal":8569221, "coin":38863635},
            {"food":0, "wood":6554583, "stone":5330907, "metal":8569221, "coin":38863635}
        ],
        "time_req":[300,1100,1800,3259,10933,17236,22015,27216,36367,40000,
            46006,48236,51500,56160,64600,76582,78000,80800,88120,92800,
            96680,99152,100925,112536,125965,148250,140854,162936,186533,186533
        ]
    },
    "maintenace":{
        "lvl_req":[
            {"food":0, "wood":662,     "stone":636,      "metal":882   ,"coin":2760    },
            {"food":0, "wood":2059,    "stone":1848,    "metal":2565   ,"coin":8018    },
            {"food":0, "wood":5957,    "stone":5058,    "metal":7013   ,"coin":21917   },
            {"food":0, "wood":16236,   "stone":13189,   "metal":18290  ,"coin":57058   },
            {"food":0, "wood":42012,   "stone":33032,   "metal":45812  ,"coin":142648  },
            {"food":0, "wood":103719,  "stone":79941,   "metal":110862 ,"coin":344333  },
            {"food":0, "wood":243055,  "stone":179105,  "metal":248381 ,"coin":769106  },
            {"food":0, "wood":510001,  "stone":392722,  "metal":544627 ,"coin":1680484 },
            {"food":0, "wood":1073750, "stone":843632,  "metal":116093 ,"coin":3594399 },
            {"food":0, "wood":2184861, "stone":1776969, "metal":242490 ,"coin":7834851 },
            {"food":0, "wood":904176,  "stone":1776969, "metal":352180 ,"coin":7537611 },
            {"food":0, "wood":904570,  "stone":1777605, "metal":452269 ,"coin":7542869 },
            {"food":0, "wood":905138,  "stone":1778817, "metal":552435 ,"coin":7556768 },
            {"food":0, "wood":906803,  "stone":1782027, "metal":652882 ,"coin":7591909 },
            {"food":0, "wood":911025,  "stone":1790158, "metal":754014 ,"coin":7677499 },
            {"food":0, "wood":921290,  "stone":1810001, "metal":856784 ,"coin":7879184 },
            {"food":0, "wood":945496,  "stone":1856910, "metal":963347 ,"coin":8303957 },
            {"food":0, "wood":996470,  "stone":1956074, "metal":1077284,"coin":9215135 },
            {"food":0, "wood":1105806, "stone":2169691, "metal":1807425,"coin":11129250},
            {"food":0, "wood":1335502, "stone":2606601, "metal":2271337,"coin":15069708},
            {"food":0, "wood":2694867, "stone":2169691, "metal":3634228,"coin":15072462},
            {"food":0, "wood":3258611, "stone":2620601, "metal":4928580,"coin":15077720},
            {"food":0, "wood":4369722, "stone":3553938, "metal":4929462,"coin":15091619},
            {"food":0, "wood":4370384, "stone":3554574, "metal":4931145,"coin":15126760},
            {"food":0, "wood":4371781, "stone":3555786, "metal":4935593,"coin":15212350},
            {"food":0, "wood":4375679, "stone":3558996, "metal":4946870,"coin":15414035},
            {"food":0, "wood":4385958, "stone":3567127, "metal":4974392,"coin":15838808},
            {"food":0, "wood":4411734, "stone":3586970, "metal":5039442,"coin":16749986},
            {"food":0, "wood":4473441, "stone":3633879, "metal":5176961,"coin":18664101},
            {"food":0, "wood":4473441, "stone":3633879, "metal":5176961,"coin":21664101},
            {"food":0, "wood":4473441, "stone":3633879, "metal":5176961,"coin":21664101}
            
        ],
        "time_req":[200,3100,6800,15259,20933,24236,28015,36216,46367,50000,
            63006,65236,70500,80160,82600,84582,86000,90800,94120,96800,
            97680,989152,100925,112536,125965,130250,148854,159936,166533,166533
        ]
    },
    "infantry":{
        "lvl_req":[
            
            {"food":61,     "wood":331,     "stone":0, "metal":89,      "coin":1710},
            {"food":179,    "wood":962,     "stone":0, "metal":255,     "coin":9466},
            {"food":486,    "wood":2627,    "stone":0, "metal":702,     "coin":18216},
            {"food":1278,   "wood":6849,    "stone":0, "metal":1834,    "coin":46236},
            {"food":3214,   "wood":17114,   "stone":0, "metal":4604,    "coin":84636},
            {"food":7810,   "wood":41320,   "stone":0, "metal":11167,   "coin":131257},
            {"food":17594,  "wood":92294,   "stone":0, "metal":25104,   "coin":179833},
            {"food":38873,  "wood":201630,  "stone":0, "metal":55245,   "coin":225486},
            {"food":84196,  "wood":431326,  "stone":0, "metal":119157,  "coin":297635},
            {"food":179046, "wood":904176,  "stone":0, "metal":252180,  "coin":483367},
            {"food":179107, "wood":904570,  "stone":0, "metal":252269,  "coin":789446},
            {"food":179225, "wood":905138,  "stone":0, "metal":252435,  "coin":1124569},
            {"food":179532, "wood":906803,  "stone":0, "metal":252882,  "coin":1466387},
            {"food":180324, "wood":911025,  "stone":0, "metal":254014,  "coin":1716398},
            {"food":182260, "wood":921290,  "stone":0, "metal":256784,  "coin":1987634},
            {"food":186856, "wood":945496,  "stone":0, "metal":363347,  "coin":2467397},
            {"food":196640, "wood":996470,  "stone":0, "metal":677284,  "coin":2879634},
            {"food":217919, "wood":1105806, "stone":0, "metal":907425,  "coin":3146983},
            {"food":263242, "wood":1335502, "stone":0, "metal":1371337, "coin":4263687},
            {"food":358092, "wood":1808352, "stone":0, "metal":1804449, "coin":6932365},
            {"food":358153, "wood":1808683, "stone":0, "metal":2646151, "coin":8697314},
            {"food":358271, "wood":1809314, "stone":0, "metal":3150562, "coin":9763648},
            {"food":358578, "wood":1810979, "stone":0, "metal":3564494, "coin":11035263},
            {"food":359370, "wood":1815201, "stone":0, "metal":4518964, "coin":13654189},
            {"food":361306, "wood":1825466, "stone":0, "metal":5215527, "coin":15321479},
            {"food":365902, "wood":1849672, "stone":0, "metal":5329464, "coin":17259635},
            {"food":375686, "wood":1900646, "stone":0, "metal":5659605, "coin":19334657},
            {"food":396965, "wood":2009982, "stone":0, "metal":6123517, "coin":20132687},
            {"food":442288, "wood":2239678, "stone":0, "metal":6293517, "coin":23648977},
            {"food":537138, "wood":2712528, "stone":0, "metal":7576540, "coin":25743867},
            {"food":537138, "wood":2712528, "stone":0, "metal":7576540, "coin":25743867}
        ],
        "time_req":[300,300,1200,2659,9533,14236,20315,25216,32367,36000,
            40006,45236,46500,53160,64600,74582,75000,75800,76120,81800,
            83680,85152,88925,89536,90665,91250,91254,93936,94533,94533
        ]
    },
     "riding":{
        "lvl_req":[
            
            {"food":3060,     "wood":0, "stone":0, "metal":0, "coin":1994},
            {"food":8568,     "wood":0, "stone":0, "metal":0, "coin":8692},
            {"food":22848,    "wood":0, "stone":0, "metal":0, "coin":15334},
            {"food":58752,    "wood":0, "stone":0, "metal":0, "coin":20056},
            {"food":146880,   "wood":0, "stone":0, "metal":0, "coin":28445},
            {"food":359040,   "wood":0, "stone":0, "metal":0, "coin":53478},
            {"food":822528,   "wood":0, "stone":0, "metal":0, "coin":91235},
            {"food":1867008,  "wood":0, "stone":0, "metal":0, "coin":168227},
            {"food":4204032,  "wood":0, "stone":0, "metal":0, "coin":223648},
            {"food":9400320,  "wood":0, "stone":0, "metal":0, "coin":364667},
            {"food":9403380,  "wood":0, "stone":0, "metal":0, "coin":546697},
            {"food":9408888,  "wood":0, "stone":0, "metal":0, "coin":796335},
            {"food":9423168,  "wood":0, "stone":0, "metal":0, "coin":1036584},
            {"food":9459072,  "wood":0, "stone":0, "metal":0, "coin":1693357},
            {"food":9547200,  "wood":0, "stone":0, "metal":0, "coin":2879635},
            {"food":9759360,  "wood":0, "stone":0, "metal":0, "coin":4266397},
            {"food":12000848, "wood":0, "stone":0, "metal":0, "coin":6133673},
            {"food":11267326, "wood":0, "stone":0, "metal":0, "coin":8766367},
            {"food":13604352, "wood":0, "stone":0, "metal":0, "coin":10364763},
            {"food":18800640, "wood":0, "stone":0, "metal":0, "coin":12397834},
            {"food":18803700, "wood":0, "stone":0, "metal":0, "coin":14669736},
            {"food":18809208, "wood":0, "stone":0, "metal":0, "coin":16336573},
            {"food":18823488, "wood":0, "stone":0, "metal":0, "coin":18663974},
            {"food":18859392, "wood":0, "stone":0, "metal":0, "coin":20036746},
            {"food":18947520, "wood":0, "stone":0, "metal":0, "coin":22364799},
            {"food":19159680, "wood":0, "stone":0, "metal":0, "coin":22486378},
            {"food":19623168, "wood":0, "stone":0, "metal":0, "coin":23663617},
            {"food":20667648, "wood":0, "stone":0, "metal":0, "coin":26366482},
            {"food":23004672, "wood":0, "stone":0, "metal":0, "coin":28996371},
            {"food":28200960, "wood":0, "stone":0, "metal":0, "coin":32663635},
            {"food":28200960, "wood":0, "stone":0, "metal":0, "coin":32663635}
        ],
        "time_req":[300,1100,2800,2259,6933,10236,12015,17216,26367,30000,
            42006,48236,51500,56160,64600,76582,78000,80800,88120,89800,
            91680,95152,98925,99536,105965,110250,118854,119936,126533,126533
        ]
    },
    "army":{
        "lvl_req":[
            {"food":0, "wood":1380,     "stone":0, "metal":118,     "coin":3420},
            {"food":0, "wood":4011,     "stone":0, "metal":342,     "coin":11226},
            {"food":0, "wood":10958,    "stone":0, "metal":939,     "coin":18567},
            {"food":0, "wood":28530,    "stone":0, "metal":2448,    "coin":29684},
            {"food":0, "wood":71324,    "stone":0, "metal":6138,    "coin":39536},
            {"food":0, "wood":172161,   "stone":0, "metal":14887,   "coin":52447},
            {"food":0, "wood":384552,   "stone":0, "metal":33463,   "coin":123364},
            {"food":0, "wood":840143,   "stone":0, "metal":83645,   "coin":168473},
            {"food":0, "wood":1797197,  "stone":0, "metal":258896,  "coin":233651},
            {"food":0, "wood":3767433,  "stone":0, "metal":636237,  "coin":509834},
            {"food":0, "wood":3768831,  "stone":0, "metal":1036355, "coin":969675},
            {"food":0, "wood":3771444,  "stone":0, "metal":2336579, "coin":1202365},
            {"food":0, "wood":3778391,  "stone":0, "metal":3371766, "coin":1899763},
            {"food":0, "wood":3838757,  "stone":0, "metal":3242375, "coin":2876334},
            {"food":0, "wood":3838757,  "stone":0, "metal":3423795, "coin":4266971},
            {"food":0, "wood":3939594,  "stone":0, "metal":3512124, "coin":6337891},
            {"food":0, "wood":4151985,  "stone":0, "metal":3629700, "coin":7697334},
            {"food":0, "wood":4607576,  "stone":0, "metal":4098282, "coin":8876394},
            {"food":0, "wood":5564630,  "stone":0, "metal":4951106, "coin":9633479},
            {"food":0, "wood":7534866,  "stone":0, "metal":5572474, "coin":11365766},
            {"food":0, "wood":7536246,  "stone":0, "metal":5672592, "coin":13676933},
            {"food":0, "wood":7538877,  "stone":0, "metal":6172816, "coin":15697334},
            {"food":0, "wood":7545824,  "stone":0, "metal":6223413, "coin":18963472},
            {"food":0, "wood":7563396,  "stone":0, "metal":6174922, "coin":19866733},
            {"food":0, "wood":7606190,  "stone":0, "metal":6478612, "coin":20133687},
            {"food":0, "wood":7707027,  "stone":0, "metal":6587361, "coin":21368787},
            {"food":0, "wood":7919418,  "stone":0, "metal":7305937, "coin":22369146},
            {"food":0, "wood":9332063,  "stone":0, "metal":7246119, "coin":24669135},
            {"food":0, "wood":9332063,  "stone":0, "metal":7246119, "coin":24669135},
            {"food":0, "wood":11302299, "stone":0, "metal":8131343, "coin":26433673}
        ],
        "time_req":[200,3100,6800,15259,20933,24236,28015,36216,46367,50000,
            63006,65236,70500,80160,82600,84582,86000,90800,94120,96800,
            97680,98152,100925,112536,125965,130250,148854,159936,166533,166533
        ]
    },
    "spying":{
        "lvl_req":[
            {"food":2760,    "wood":0, "stone":0, "metal":0, "coin":1140},
            {"food":8018,    "wood":0, "stone":0, "metal":0, "coin":3644},
            {"food":21917,   "wood":0, "stone":0, "metal":0, "coin":8222},
            {"food":57058,   "wood":0, "stone":0, "metal":0, "coin":12554},
            {"food":142648,  "wood":0, "stone":0, "metal":0, "coin":19665},
            {"food":344333,  "wood":0, "stone":0, "metal":0, "coin":25668},
            {"food":769106,  "wood":0, "stone":0, "metal":0, "coin":48633},
            {"food":1680484, "wood":0, "stone":0, "metal":0, "coin":125323},
            {"food":3594399, "wood":0, "stone":0, "metal":0, "coin":286628},
            {"food":7834851, "wood":0, "stone":0, "metal":0, "coin":396687},
            {"food":7537611, "wood":0, "stone":0, "metal":0, "coin":693348},
            {"food":7542869, "wood":0, "stone":0, "metal":0, "coin":896334},
            {"food":7556768, "wood":0, "stone":0, "metal":0, "coin":1236678},
            {"food":7591909, "wood":0, "stone":0, "metal":0, "coin":1863354},
            {"food":7677499, "wood":0, "stone":0, "metal":0, "coin":2469831},
            {"food":7879184, "wood":0, "stone":0, "metal":0, "coin":3673324},
            {"food":8303957, "wood":0, "stone":0, "metal":0, "coin":5333771},
            {"food":9215135, "wood":0, "stone":0, "metal":0, "coin":7363433},
            {"food":11129250,"wood":0, "stone":0, "metal":0, "coin":8135456},
            {"food":15069708,"wood":0, "stone":0, "metal":0, "coin":8863563},
            {"food":15072462,"wood":0, "stone":0, "metal":0, "coin":9633256},
            {"food":15077720,"wood":0, "stone":0, "metal":0, "coin":11233672},
            {"food":15091619,"wood":0, "stone":0, "metal":0, "coin":12336576},
            {"food":15126760,"wood":0, "stone":0, "metal":0, "coin":14336681},
            {"food":15212350,"wood":0, "stone":0, "metal":0, "coin":16098876},
            {"food":15414035,"wood":0, "stone":0, "metal":0, "coin":17123665},
            {"food":15838808,"wood":0, "stone":0, "metal":0, "coin":18466368},
            {"food":16749986,"wood":0, "stone":0, "metal":0, "coin":19633776},
            {"food":18664101,"wood":0, "stone":0, "metal":0, "coin":19333673},
            {"food":18664101,"wood":0, "stone":0, "metal":0, "coin":19333673},
            {"food":22604553,"wood":0, "stone":0, "metal":0, "coin":20133687}
        ],
        "time_req":[300,1200,4254,9133,12533,18236,22315,25216,32367,40000,
            1982,2236,2800,3160,3600,4582,5000,5800,6120,6800,
            7680,8152,8925,9536,9665,10250,11254,11936,12533,12533
        ]
    },
    "leader":{
        "lvl_req":[
            {"food":2760,     "wood":0, "stone":0, "metal":0, "coin":5700},
            {"food":8018,     "wood":0, "stone":0, "metal":0, "coin":15250},
            {"food":21917,    "wood":0, "stone":0, "metal":0, "coin":235354},
            {"food":57058,    "wood":0, "stone":0, "metal":0, "coin":685220},
            {"food":142648,   "wood":0, "stone":0, "metal":0, "coin":182032},
            {"food":344333,   "wood":0, "stone":0, "metal":0, "coin":368201},
            {"food":769106,   "wood":0, "stone":0, "metal":0, "coin":845202},
            {"food":1680484,  "wood":0, "stone":0, "metal":0, "coin":2657573},
            {"food":3594399,  "wood":0, "stone":0, "metal":0, "coin":4533276},
            {"food":7834851,  "wood":0, "stone":0, "metal":0, "coin":6225236},
            {"food":7537611,  "wood":0, "stone":0, "metal":0, "coin":9525633},
            {"food":7542869,  "wood":0, "stone":0, "metal":0, "coin":12336548},
            {"food":7556768,  "wood":0, "stone":0, "metal":0, "coin":16233158},
            {"food":7591909,  "wood":0, "stone":0, "metal":0, "coin":19785235},
            {"food":7677499,  "wood":0, "stone":0, "metal":0, "coin":22355768},
            {"food":7879184,  "wood":0, "stone":0, "metal":0, "coin":26233754},
            {"food":8303957,  "wood":0, "stone":0, "metal":0, "coin":27625654},
            {"food":9215135,  "wood":0, "stone":0, "metal":0, "coin":28663423},
            {"food":11129250, "wood":0, "stone":0, "metal":0, "coin":31356576},
            {"food":15069708, "wood":0, "stone":0, "metal":0, "coin":33587921},
            {"food":15072462, "wood":0, "stone":0, "metal":0, "coin":34563683},
            {"food":15077720, "wood":0, "stone":0, "metal":0, "coin":36314569},
            {"food":15091619, "wood":0, "stone":0, "metal":0, "coin":38635563},
            {"food":15126760, "wood":0, "stone":0, "metal":0, "coin":42335466},
            {"food":15212350, "wood":0, "stone":0, "metal":0, "coin":44668521},
            {"food":15414035, "wood":0, "stone":0, "metal":0, "coin":45998716},
            {"food":15838808, "wood":0, "stone":0, "metal":0, "coin":46853368},
            {"food":16749986, "wood":0, "stone":0, "metal":0, "coin":47663998},
            {"food":18664101, "wood":0, "stone":0, "metal":0, "coin":48332253},
            {"food":18664101, "wood":0, "stone":0, "metal":0, "coin":48332253},
            {"food":22604553, "wood":0, "stone":0, "metal":0, "coin":52635563}
        ],
        "time_req":[300,2100,4800,6259,18933,27236,32015,37216,46367,50000,
            56006,58236,61500,76160,74600,86582,88000,90800,98120,99800,
            106680,119152,130925,142536,155965,168250,180854,199936,226533,226533
        ]
    },
    "safe":{
        "lvl_req":[
            
            {"food":3060,     "wood":2760,     "stone":0, "metal":2940,     "coin":1994},
            {"food":8568,     "wood":7728,     "stone":0, "metal":8232,     "coin":8692},
            {"food":22848,    "wood":20608,    "stone":0, "metal":21952,    "coin":15334},
            {"food":58752,    "wood":52992,    "stone":0, "metal":56448,    "coin":20056},
            {"food":146880,   "wood":132480,   "stone":0, "metal":141120,   "coin":28445},
            {"food":359040,   "wood":323840,   "stone":0, "metal":344960,   "coin":53478},
            {"food":822528,   "wood":741888,   "stone":0, "metal":790272,   "coin":91235},
            {"food":1867008,  "wood":1683968,  "stone":0, "metal":1793792,  "coin":168227},
            {"food":4204032,  "wood":3791872,  "stone":0, "metal":4039168,  "coin":223648},
            {"food":9400320,  "wood":8478720,  "stone":0, "metal":9031680,  "coin":364667},
            {"food":9403380,  "wood":8481480,  "stone":0, "metal":9034620,  "coin":546697},
            {"food":9408888,  "wood":8486448,  "stone":0, "metal":9039912,  "coin":796335},
            {"food":9423168,  "wood":8499328,  "stone":0, "metal":9053632,  "coin":1036584},
            {"food":9459072,  "wood":8531712,  "stone":0, "metal":9088128,  "coin":1693357},
            {"food":9547200,  "wood":8611200,  "stone":0, "metal":9172800,  "coin":2879635},
            {"food":9759360,  "wood":8802560,  "stone":0, "metal":9376640,  "coin":4266397},
            {"food":12000848, "wood":9220608,  "stone":0, "metal":9821952,  "coin":6133673},
            {"food":11267326, "wood":1016288,  "stone":0, "metal":10825472, "coin":8766367},
            {"food":13604352, "wood":12270592, "stone":0, "metal":12270592, "coin":10364763},
            {"food":18800640, "wood":16957440, "stone":0, "metal":18063360, "coin":12397834},
            {"food":18803700, "wood":16960200, "stone":0, "metal":18066300, "coin":14669736},
            {"food":18809208, "wood":16965168, "stone":0, "metal":18071592, "coin":16336573},
            {"food":18823488, "wood":16978048, "stone":0, "metal":18085312, "coin":18663974},
            {"food":18859392, "wood":17010432, "stone":0, "metal":18119808, "coin":20036746},
            {"food":18947520, "wood":17089920, "stone":0, "metal":18204480, "coin":22364799},
            {"food":19159680, "wood":17281280, "stone":0, "metal":18408320, "coin":22486378},
            {"food":19623168, "wood":17699328, "stone":0, "metal":18853632, "coin":23663617},
            {"food":20667648, "wood":18641408, "stone":0, "metal":19857152, "coin":26366482},
            {"food":23004672, "wood":20749312, "stone":0, "metal":22102528, "coin":28996371},
            {"food":23004672, "wood":20749312, "stone":0, "metal":22102528, "coin":28996371},
            {"food":28200960, "wood":25436160, "stone":0, "metal":27095040, "coin":32663635}
        ],
        "time_req":[300,2100,4800,6259,18933,27236,32015,37216,46367,50000,
            56006,58236,61500,76160,74600,86582,88000,90800,98120,99800,
            106680,119152,130925,142536,155965,168250,180854,199936,226533,226533
        ]
    },
   "medicine":{
        "lvl_req":[
            {"food":882,     "wood":0, "stone":0, "metal":0, "coin":2860},
            {"food":2565,    "wood":0, "stone":0, "metal":0, "coin":7922},
            {"food":7013,    "wood":0, "stone":0, "metal":0, "coin":18658},
            {"food":18290,   "wood":0, "stone":0, "metal":0, "coin":48633},
            {"food":45812,   "wood":0, "stone":0, "metal":0, "coin":95365},
            {"food":110862,  "wood":0, "stone":0, "metal":0, "coin":186335},
            {"food":248381,  "wood":0, "stone":0, "metal":0, "coin":364226},
            {"food":544627,  "wood":0, "stone":0, "metal":0, "coin":423368},
            {"food":1169938, "wood":0, "stone":0, "metal":0, "coin":966872},
            {"food":2464290, "wood":0, "stone":0, "metal":0, "coin":1633579},
            {"food":2465172, "wood":0, "stone":0, "metal":0, "coin":2633658},
            {"food":2466855, "wood":0, "stone":0, "metal":0, "coin":4866365},
            {"food":2471303, "wood":0, "stone":0, "metal":0, "coin":6966573},
            {"food":2510102, "wood":0, "stone":0, "metal":0, "coin":8673354},
            {"food":2575152, "wood":0, "stone":0, "metal":0, "coin":9866734},
            {"food":2712671, "wood":0, "stone":0, "metal":0, "coin":12633657},
            {"food":3008917, "wood":0, "stone":0, "metal":0, "coin":14663367},
            {"food":3634228, "wood":0, "stone":0, "metal":0, "coin":16663983},
            {"food":4928580, "wood":0, "stone":0, "metal":0, "coin":18336578},
            {"food":4929462, "wood":0, "stone":0, "metal":0, "coin":21336647},
            {"food":4931145, "wood":0, "stone":0, "metal":0, "coin":22366584},
            {"food":4935593, "wood":0, "stone":0, "metal":0, "coin":23666356},
            {"food":4946870, "wood":0, "stone":0, "metal":0, "coin":24663367},
            {"food":4974392, "wood":0, "stone":0, "metal":0, "coin":26836657},
            {"food":5039442, "wood":0, "stone":0, "metal":0, "coin":28669973},
            {"food":5176961, "wood":0, "stone":0, "metal":0, "coin":32433547},
            {"food":5473207, "wood":0, "stone":0, "metal":0, "coin":34556982},
            {"food":6098518, "wood":0, "stone":0, "metal":0, "coin":36932147},
            {"food":7392870, "wood":0, "stone":0, "metal":0, "coin":37649183},
            {"food":7392870, "wood":0, "stone":0, "metal":0, "coin":37649183},
            {"food":8569221, "wood":0, "stone":0, "metal":0, "coin":38863635}
        ],
        "time_req":[300,1100,1800,3259,10933,17236,22015,27216,36367,40000,
            46006,48236,51500,56160,64600,76582,78000,80800,88120,92800,
            96680,99152,100925,112536,125965,148250,140854,162936,186533,186533
        ]
    },
    "logistic":{
        "lvl_req":[
            {"food":2760,     "wood":0, "stone":1432,    "metal":0, "coin":1125},
            {"food":8018,     "wood":0, "stone":4158,    "metal":0, "coin":5335},
            {"food":21917,    "wood":0, "stone":11379,   "metal":0, "coin":11254},
            {"food":57058,    "wood":0, "stone":29669,   "metal":0, "coin":15236},
            {"food":142648,   "wood":0, "stone":74326,   "metal":0, "coin":36524},
            {"food":344333,   "wood":0, "stone":179868,  "metal":0, "coin":85236},
            {"food":769106,   "wood":0, "stone":402991,  "metal":0, "coin":119525},
            {"food":1680484,  "wood":0, "stone":883620,  "metal":0, "coin":368657},
            {"food":3594399,  "wood":0, "stone":1898165, "metal":0, "coin":932156},
            {"food":7834851,  "wood":0, "stone":3998175, "metal":0, "coin":1835663},
            {"food":7537611,  "wood":0, "stone":3999607, "metal":0, "coin":2466833},
            {"food":7542869,  "wood":0, "stone":4002333, "metal":0, "coin":4638656},
            {"food":7556768,  "wood":0, "stone":4009554, "metal":0, "coin":6975335},
            {"food":7591909,  "wood":0, "stone":4027844, "metal":0, "coin":8632567},
            {"food":7677499,  "wood":0, "stone":4072501, "metal":0, "coin":9863533},
            {"food":7879184,  "wood":0, "stone":4178043, "metal":0, "coin":11665636},
            {"food":8303957,  "wood":0, "stone":4401166, "metal":0, "coin":14362565},
            {"food":9215135,  "wood":0, "stone":4881795, "metal":0, "coin":16863258},
            {"food":11129250, "wood":0, "stone":5896340, "metal":0, "coin":18335563},
            {"food":15069708, "wood":0, "stone":7996350, "metal":0, "coin":19325562},
            {"food":15072462, "wood":0, "stone":7997782, "metal":0, "coin":20215367},
            {"food":15077720, "wood":0, "stone":8000508, "metal":0, "coin":21533687},
            {"food":15091619, "wood":0, "stone":8007729, "metal":0, "coin":23976564},
            {"food":15126760, "wood":0, "stone":8026019, "metal":0, "coin":24639723},
            {"food":15212350, "wood":0, "stone":8070676, "metal":0, "coin":28933546},
            {"food":15414035, "wood":0, "stone":8716218, "metal":0, "coin":29332468},
            {"food":15838808, "wood":0, "stone":8399341, "metal":0, "coin":31665733},
            {"food":16749986, "wood":0, "stone":8879970, "metal":0, "coin":35368773},
            {"food":18664101, "wood":0, "stone":9894515, "metal":0, "coin":36731146},
            {"food":18664101, "wood":0, "stone":9894515, "metal":0, "coin":36731146},
            {"food":22604553, "wood":0, "stone":11994525, "metal":0, "coin":38635563}
        ],
        "time_req":[200,3100,6800,15259,20933,24236,28015,36216,46367,50000,
            63006,65236,70500,80160,82600,84582,86000,90800,94120,96800,
            97680,989152,100925,112536,125965,130250,148854,159936,166533,166533
        ]
    },
    "navigating":{ 
        "lvl_req":[
            {"food":0, "wood":205,      "stone":0, "metal":305,      "coin":507},
            {"food":0, "wood":579,      "stone":0, "metal":679,      "coin":1865},
            {"food":0, "wood":1286,     "stone":0, "metal":1486,     "coin":4958},
            {"food":0, "wood":8278,     "stone":0, "metal":9278,     "coin":11850},
            {"food":0, "wood":23214,    "stone":0, "metal":23214,    "coin":26057},
            {"food":0, "wood":37810,    "stone":0, "metal":37810,    "coin":124562},
            {"food":0, "wood":63594,    "stone":0, "metal":67594,    "coin":362046},
            {"food":0, "wood":102873,   "stone":0, "metal":128873,   "coin":625485},
            {"food":0, "wood":112196,   "stone":0, "metal":164196,   "coin":1003251},
            {"food":0, "wood":189046,   "stone":0, "metal":239046,   "coin":1458267},
            {"food":0, "wood":412107,   "stone":0, "metal":469107,   "coin":1556655},
            {"food":0, "wood":879225,   "stone":0, "metal":879225,   "coin":1825539},
            {"food":0, "wood":1079532,  "stone":0, "metal":1079532,  "coin":1945873},
            {"food":0, "wood":1680324,  "stone":0, "metal":1680324,  "coin":2624551},
            {"food":0, "wood":2382260,  "stone":0, "metal":2282365,  "coin":3165865},
            {"food":0, "wood":5286856,  "stone":0, "metal":4586637,  "coin":3865885},
            {"food":0, "wood":8196640,  "stone":0, "metal":8296698,  "coin":4235686},
            {"food":0, "wood":9717919,  "stone":0, "metal":8817147,  "coin":5685484},
            {"food":0, "wood":12163242, "stone":0, "metal":12163458, "coin":6542578},
            {"food":0, "wood":16158092, "stone":0, "metal":16158365, "coin":8769522},
            {"food":0, "wood":19358153, "stone":0, "metal":19428268, "coin":9723545},
            {"food":0, "wood":21358271, "stone":0, "metal":20358271, "coin":1194587},
            {"food":0, "wood":24358578, "stone":0, "metal":24358578, "coin":1262455},
            {"food":0, "wood":26359370, "stone":0, "metal":26359370, "coin":1316586},
            {"food":0, "wood":29361306, "stone":0, "metal":27361306, "coin":1386588},
            {"food":0, "wood":32365902, "stone":0, "metal":28365902, "coin":1423568},
            {"food":0, "wood":36375686, "stone":0, "metal":28375686, "coin":1568548},
            {"food":0, "wood":40396965, "stone":0, "metal":30396965, "coin":1654257},
            {"food":0, "wood":43442288, "stone":0, "metal":32442288, "coin":1876952},
            {"food":0, "wood":43442288, "stone":0, "metal":32442288, "coin":1876952},
            {"food":0, "wood":48537138, "stone":0, "metal":36537138, "coin":1972354}
        ],
        "time_req":[300,300,1200,2659,9533,14236,20315,25216,32367,36000,
            40006,45236,46500,53160,64600,74582,75000,75800,76120,81800,
            83680,85152,88925,89536,90665,91250,91254,93936,94533,94533
        ]
    },
    "supplying":{
        "lvl_req":[
            {"food":306,     "wood":662,     "stone":636,      "metal":882   ,"coin":2760    },
            {"food":892,     "wood":2059,    "stone":1848,    "metal":2565   ,"coin":8018    },
            {"food":2440,    "wood":5957,    "stone":5058,    "metal":7013   ,"coin":21917   },
            {"food":6361,    "wood":16236,   "stone":13189,   "metal":18290  ,"coin":57058   },
            {"food":15974,   "wood":42012,   "stone":33032,   "metal":45812  ,"coin":142648  },
            {"food":38752,   "wood":103719,  "stone":79941,   "metal":110862 ,"coin":344333  },
            {"food":87086,   "wood":243055,  "stone":179105,  "metal":248381 ,"coin":769106  },
            {"food":191636,  "wood":510001,  "stone":392722,  "metal":544627 ,"coin":1680484 },
            {"food":413389,  "wood":1073750, "stone":843632,  "metal":116093 ,"coin":3594399 },
            {"food":874908,  "wood":2184861, "stone":1776969, "metal":242490 ,"coin":7834851 },
            {"food":179046,  "wood":904176,  "stone":1776969, "metal":352180 ,"coin":7537611 },
            {"food":179107,  "wood":904570,  "stone":1777605, "metal":452269 ,"coin":7542869 },
            {"food":179225,  "wood":905138,  "stone":1778817, "metal":552435 ,"coin":7556768 },
            {"food":179532,  "wood":906803,  "stone":1782027, "metal":652882 ,"coin":7591909 },
            {"food":380324,  "wood":911025,  "stone":1790158, "metal":754014 ,"coin":7677499 },
            {"food":582260,  "wood":921290,  "stone":1810001, "metal":856784 ,"coin":7879184 },
            {"food":586856,  "wood":945496,  "stone":1856910, "metal":963347 ,"coin":8303957 },
            {"food":696640,  "wood":996470,  "stone":1956074, "metal":1077284,"coin":9215135 },
            {"food":717919,  "wood":1105806, "stone":2169691, "metal":1807425,"coin":11129250},
            {"food":763242,  "wood":1335502, "stone":2606601, "metal":2271337,"coin":15069708},
            {"food":1066554, "wood":2694867, "stone":2169691, "metal":3634228,"coin":15072462},
            {"food":1288297, "wood":3258611, "stone":2620601, "metal":4928580,"coin":15077720},
            {"food":1749816, "wood":4369722, "stone":3553938, "metal":4929462,"coin":15091619},
            {"food":1750122, "wood":4370384, "stone":3554574, "metal":4931145,"coin":15126760},
            {"food":1750708, "wood":4371781, "stone":3555786, "metal":4935593,"coin":15212350},
            {"food":1752256, "wood":4375679, "stone":3558996, "metal":4946870,"coin":15414035},
            {"food":1756177, "wood":4385958, "stone":3567127, "metal":4974392,"coin":15838808},
            {"food":1765790, "wood":4411734, "stone":3586970, "metal":5039442,"coin":16749986},
            {"food":1788569, "wood":4473441, "stone":3633879, "metal":5176961,"coin":18664101},
            {"food":1788569, "wood":4473441, "stone":3633879, "metal":5176961,"coin":21664101},
            {"food":1788569, "wood":4473441, "stone":3633879, "metal":5176961,"coin":21664101}
            
        ],
        "time_req":[200,3100,6800,15259,20933,24236,28015,36216,46367,50000,
            63006,65236,70500,80160,82600,84582,86000,90800,94120,96800,
            97680,989152,100925,112536,125965,130250,148854,159936,166533,166533
        ]
    }
    
}

